,Accession,Description,Score,Coverage,# Proteins,# Unique Peptides,# Peptides,# PSMs,# AAs,MW [kDa],calc. pI
0,P68871,Hemoglobin subunit beta OS=Homo sapiens OX=9606 GN=HBB PE=1 SV=2 - [HBB_HUMAN],1290.57038509846,91.16,6,13,19,376,147,15.98829092466,7.28369140625
1,P69905,Hemoglobin subunit alpha OS=Homo sapiens OX=9606 GN=HBA1 PE=1 SV=2 - [HBA_HUMAN],1012.52194797993,94.37,3,17,18,291,142,15.24792627466,8.67529296875
2,P02042,Hemoglobin subunit delta OS=Homo sapiens OX=9606 GN=HBD PE=1 SV=2 - [HBD_HUMAN],713.449349761009,88.44,6,9,15,218,147,16.04529062466,8.04541015625
3,P02671,Fibrinogen alpha chain OS=Homo sapiens OX=9606 GN=FGA PE=1 SV=2 - [FIBA_HUMAN],617.671743988991,47.23,2,47,47,196,866,94.9144191846604,6.01123046875
4,P01024,Complement C3 OS=Homo sapiens OX=9606 GN=C3 PE=1 SV=2 - [CO3_HUMAN],420.904991149902,52.07,5,68,68,125,1663,187.02988373466,6.40478515625
5,P02675,Fibrinogen beta chain OS=Homo sapiens OX=9606 GN=FGB PE=1 SV=2 - [FIBB_HUMAN],321.958559274673,61.71,2,30,30,102,491,55.8922632646601,8.26513671875
6,P69891,Hemoglobin subunit gamma-1 OS=Homo sapiens OX=9606 GN=HBG1 PE=1 SV=2 - [HBG1_HUMAN],231.242037892342,51.02,7,5,6,84,147,16.13031217466,7.19580078125
7,A0A0C4DGB6,Serum albumin OS=Homo sapiens OX=9606 GN=ALB PE=1 SV=1 - [A0A0C4DGB6_HUMAN],226.464798092842,55.46,8,33,33,72,604,69.1813721746601,6.36669921875
8,P02751,Fibronectin OS=Homo sapiens OX=9606 GN=FN1 PE=1 SV=4 - [FINC_HUMAN],215.254358053207,27.62,3,40,40,58,2386,262.46011262466,5.70654296875
9,C9JEU5,Fibrinogen gamma chain OS=Homo sapiens OX=9606 GN=FGG PE=1 SV=1 - [C9JEU5_HUMAN],191.033275365829,57.3,3,13,23,61,445,50.2904329246601,6.08740234375
10,P02549,"Spectrin alpha chain, erythrocytic 1 OS=Homo sapiens OX=9606 GN=SPTA1 PE=1 SV=5 - [SPTA1_HUMAN]",181.449916005135,25.67,1,44,44,54,2419,279.841908974661,5.04638671875
11,Q60FE5,Filamin-A OS=Homo sapiens OX=9606 GN=FLNA PE=1 SV=1 - [Q60FE5_HUMAN],173.965194225311,28.93,8,45,48,56,2620,278.052770494661,6.06201171875
12,P01023,Alpha-2-macroglobulin OS=Homo sapiens OX=9606 GN=A2M PE=1 SV=3 - [A2MG_HUMAN],160.517766237259,35.21,5,38,38,51,1474,163.18789839466,6.45556640625
13,P01834,Immunoglobulin kappa constant OS=Homo sapiens OX=9606 GN=IGKC PE=1 SV=2 - [IGKC_HUMAN],159.503497123718,84.11,1,7,7,42,107,11.75776875466,6.52197265625
14,Q9Y490,Talin-1 OS=Homo sapiens OX=9606 GN=TLN1 PE=1 SV=3 - [TLN1_HUMAN],154.420343756676,23.93,4,36,36,42,2541,269.59906266466,6.07470703125
15,P11277,"Spectrin beta chain, erythrocytic OS=Homo sapiens OX=9606 GN=SPTB PE=1 SV=5 - [SPTB1_HUMAN]",141.383737802505,24.33,8,37,37,42,2137,246.31574488466,5.27490234375
16,P00915,Carbonic anhydrase 1 OS=Homo sapiens OX=9606 GN=CA1 PE=1 SV=2 - [CAH1_HUMAN],137.656646132469,64.37,13,14,14,41,261,28.85238934466,7.12255859375
17,P01857,Immunoglobulin heavy constant gamma 1 OS=Homo sapiens OX=9606 GN=IGHG1 PE=1 SV=1 - [IGHG1_HUMAN],124.839338898659,49.7,3,6,15,41,330,36.08316847466,8.19189453125
18,A0A0G2JL54,Complement C4-B OS=Homo sapiens OX=9606 GN=C4B_2 PE=1 SV=1 - [A0A0G2JL54_HUMAN],103.684234023094,21.79,11,26,26,30,1698,187.59794904466,7.32763671875
19,P12814,Alpha-actinin-1 OS=Homo sapiens OX=9606 GN=ACTN1 PE=1 SV=2 - [ACTN1_HUMAN],99.6827964782715,36.55,22,17,26,32,892,102.99263728466,5.41455078125
20,P01871,Immunoglobulin heavy constant mu OS=Homo sapiens OX=9606 GN=IGHM PE=1 SV=4 - [IGHM_HUMAN],97.443855047226,32.67,2,14,14,34,453,49.4085823846601,6.77099609375
21,P02730,Band 3 anion transport protein OS=Homo sapiens OX=9606 GN=SLC4A1 PE=1 SV=3 - [B3AT_HUMAN],89.0858184099197,24.81,2,16,16,28,911,101.72741707466,5.18603515625
22,P60709,"Actin, cytoplasmic 1 OS=Homo sapiens OX=9606 GN=ACTB PE=1 SV=1 - [ACTB_HUMAN]",89.070037484169,39.47,23,6,12,26,375,41.70973209466,5.47802734375
23,P04114,Apolipoprotein B-100 OS=Homo sapiens OX=9606 GN=APOB PE=1 SV=2 - [APOB_HUMAN],87.2785278558731,8.57,2,30,30,31,4563,515.282932694663,7.04931640625
24,P01009,Alpha-1-antitrypsin OS=Homo sapiens OX=9606 GN=SERPINA1 PE=1 SV=3 - [A1AT_HUMAN],85.7778911590576,50.48,8,20,20,31,418,46.70702160466,5.59228515625
25,C9JPQ9,Fibrinogen gamma chain (Fragment) OS=Homo sapiens OX=9606 GN=FGG PE=1 SV=1 - [C9JPQ9_HUMAN],84.4770622253418,68.07,2,1,11,32,119,13.53781644466,7.19580078125
26,P01859,Immunoglobulin heavy constant gamma 2 OS=Homo sapiens OX=9606 GN=IGHG2 PE=1 SV=2 - [IGHG2_HUMAN],84.4147466421127,37.42,2,4,10,30,326,35.87775764466,7.59130859375
27,P16157,Ankyrin-1 OS=Homo sapiens OX=9606 GN=ANK1 PE=1 SV=3 - [ANK1_HUMAN],83.3441656827927,21.8,4,26,26,26,1881,206.13693402466,6.01123046875
28,P02787,Serotransferrin OS=Homo sapiens OX=9606 GN=TF PE=1 SV=3 - [TRFE_HUMAN],82.399297118187,34.96,6,21,21,26,698,77.0136334646601,7.12255859375
29,P35579,Myosin-9 OS=Homo sapiens OX=9606 GN=MYH9 PE=1 SV=4 - [MYH9_HUMAN],80.3696926832199,14.74,6,20,22,26,1960,226.39160226466,5.60498046875
30,P18206,Vinculin OS=Homo sapiens OX=9606 GN=VCL PE=1 SV=4 - [VINC_HUMAN],80.2055405378342,29.1,2,23,23,26,1134,123.72181897466,5.65576171875
31,P02647,Apolipoprotein A-I OS=Homo sapiens OX=9606 GN=APOA1 PE=1 SV=1 - [APOA1_HUMAN],78.8759484291077,55.81,2,16,16,27,267,30.75893391466,5.75732421875
32,Q14624,Inter-alpha-trypsin inhibitor heavy chain H4 OS=Homo sapiens OX=9606 GN=ITIH4 PE=1 SV=4 - [ITIH4_HUMAN],73.5514578819275,30.43,3,18,18,21,930,103.29298970466,6.97607421875
33,P01876,Immunoglobulin heavy constant alpha 1 OS=Homo sapiens OX=9606 GN=IGHA1 PE=1 SV=2 - [IGHA1_HUMAN],72.2476439476013,49.86,2,5,10,20,353,37.63064002466,6.50732421875
34,E9PFZ2,Ceruloplasmin OS=Homo sapiens OX=9606 GN=CP PE=1 SV=1 - [E9PFZ2_HUMAN],70.6078877449036,26.64,5,16,16,19,946,108.75142050466,5.77001953125
35,P04040,Catalase OS=Homo sapiens OX=9606 GN=CAT PE=1 SV=3 - [CATA_HUMAN],70.5568702220917,43.07,1,16,16,22,527,59.7187578746601,7.38623046875
36,P08514,Integrin alpha-IIb OS=Homo sapiens OX=9606 GN=ITGA2B PE=1 SV=3 - [ITA2B_HUMAN],64.8260498046875,19.63,3,17,17,19,1039,113.30551996466,5.37646484375
37,P06727,Apolipoprotein A-IV OS=Homo sapiens OX=9606 GN=APOA4 PE=1 SV=3 - [APOA4_HUMAN],63.7963502407074,48.99,1,16,16,19,396,45.37146874466,5.37646484375
38,P01860,Immunoglobulin heavy constant gamma 3 OS=Homo sapiens OX=9606 GN=IGHG3 PE=1 SV=2 - [IGHG3_HUMAN],63.666103720665,25.99,2,1,10,25,377,41.26036278466,7.89892578125
39,P10909,Clusterin OS=Homo sapiens OX=9606 GN=CLU PE=1 SV=1 - [CLUS_HUMAN],56.8702359199524,25.39,10,11,11,20,449,52.46100815466,6.26513671875
40,P01861,Immunoglobulin heavy constant gamma 4 OS=Homo sapiens OX=9606 GN=IGHG4 PE=1 SV=1 - [IGHG4_HUMAN],56.1475014686584,31.8,2,3,8,19,327,35.91786734466,7.35693359375
41,P32119,Peroxiredoxin-2 OS=Homo sapiens OX=9606 GN=PRDX2 PE=1 SV=5 - [PRDX2_HUMAN],53.3750797510147,40.4,2,6,7,17,198,21.87823885466,5.97314453125
42,P0DOY3,Immunoglobulin lambda constant 3 OS=Homo sapiens OX=9606 GN=IGLC3 PE=1 SV=1 - [IGLC3_HUMAN],52.1020240783691,91.51,1,2,7,18,106,11.25854359466,7.23974609375
43,P08603,Complement factor H OS=Homo sapiens OX=9606 GN=CFH PE=1 SV=4 - [CFAH_HUMAN],51.603520154953,16.9,8,16,16,18,1231,139.00470380466,6.60986328125
44,B9A064,Immunoglobulin lambda-like polypeptide 5 OS=Homo sapiens OX=9606 GN=IGLL5 PE=2 SV=2 - [IGLL5_HUMAN],51.5031440258026,49.07,3,4,8,18,214,23.04863940466,8.83642578125
45,P00738,Haptoglobin OS=Homo sapiens OX=9606 GN=HP PE=1 SV=1 - [HPT_HUMAN],51.1366945505142,34.24,14,12,12,17,406,45.17656637466,6.58056640625
46,P04275,von Willebrand factor OS=Homo sapiens OX=9606 GN=VWF PE=1 SV=4 - [VWF_HUMAN],47.7089729309082,7.39,1,16,16,17,2813,309.057930864663,5.47802734375
47,P68032,"Actin, alpha cardiac muscle 1 OS=Homo sapiens OX=9606 GN=ACTC1 PE=1 SV=1 - [ACTC_HUMAN]",46.856140255928,26.53,12,3,9,17,377,41.99188264466,5.38916015625
48,P07996,Thrombospondin-1 OS=Homo sapiens OX=9606 GN=THBS1 PE=1 SV=2 - [TSP1_HUMAN],44.251273393631,15.47,4,14,14,15,1170,129.29956108466,4.94482421875
49,A0M8Q6,Immunoglobulin lambda constant 7 OS=Homo sapiens OX=9606 GN=IGLC7 PE=1 SV=3 - [IGLC7_HUMAN],42.4172418117523,48.11,1,1,3,13,106,11.24661371466,8.29443359375
50,A0A0G2JMB2,Immunoglobulin heavy constant alpha 2 (Fragment) OS=Homo sapiens OX=9606 GN=IGHA2 PE=1 SV=1 - [A0A0G2JMB2_HUMAN],41.8167343139648,30.0,3,1,6,10,340,36.48505101466,6.10009765625
51,P04196,Histidine-rich glycoprotein OS=Homo sapiens OX=9606 GN=HRG PE=1 SV=1 - [HRG_HUMAN],40.6128196716309,25.52,1,10,10,14,525,59.5408700146601,7.50341796875
52,A0A087WV45,Transthyretin OS=Homo sapiens OX=9606 GN=TTR PE=1 SV=1 - [A0A087WV45_HUMAN],40.6098253726959,51.8,3,5,5,9,139,15.11058884466,5.75732421875
53,P02008,Hemoglobin subunit zeta OS=Homo sapiens OX=9606 GN=HBZ PE=1 SV=2 - [HBAZ_HUMAN],39.7586349248886,23.94,2,2,3,19,142,15.62723742466,8.20654296875
54,O43707,Alpha-actinin-4 OS=Homo sapiens OX=9606 GN=ACTN4 PE=1 SV=2 - [ACTN4_HUMAN],39.4090266227722,12.84,7,1,10,12,911,104.78847845466,5.43994140625
55,P02649,Apolipoprotein E OS=Homo sapiens OX=9606 GN=APOE PE=1 SV=1 - [APOE_HUMAN],37.846982717514,41.96,4,12,12,14,317,36.13175688466,5.73193359375
56,P01031,Complement C5 OS=Homo sapiens OX=9606 GN=C5 PE=1 SV=4 - [CO5_HUMAN],37.5857927799225,11.52,1,16,16,17,1676,188.18614185466,6.52197265625
57,Q13228,Methanethiol oxidase OS=Homo sapiens OX=9606 GN=SELENBP1 PE=1 SV=2 - [SBP1_HUMAN],37.0738997459412,33.47,6,13,13,14,472,52.35762741466,6.36669921875
58,P27105,Erythrocyte band 7 integral membrane protein OS=Homo sapiens OX=9606 GN=STOM PE=1 SV=3 - [STOM_HUMAN],36.7943290472031,40.97,3,10,10,12,288,31.71074224466,7.88427734375
59,P00747,Plasminogen OS=Homo sapiens OX=9606 GN=PLG PE=1 SV=2 - [PLMN_HUMAN],36.7213718891144,17.78,5,12,12,13,810,90.5101610046602,7.23974609375
60,P00734,Prothrombin OS=Homo sapiens OX=9606 GN=F2 PE=1 SV=2 - [THRB_HUMAN],36.3272545337677,23.63,3,10,10,12,622,69.9921271946601,5.89697265625
61,A0A0A0MS51,Gelsolin OS=Homo sapiens OX=9606 GN=GSN PE=1 SV=1 - [A0A0A0MS51_HUMAN],34.8942308425903,17.91,5,8,8,10,748,82.4743286946601,5.63037109375
62,Q86UX7,Fermitin family homolog 3 OS=Homo sapiens OX=9606 GN=FERMT3 PE=1 SV=1 - [URP2_HUMAN],34.2748177051544,26.84,4,13,13,13,667,75.90501279466,6.97607421875
63,P04406,Glyceraldehyde-3-phosphate dehydrogenase OS=Homo sapiens OX=9606 GN=GAPDH PE=1 SV=3 - [G3P_HUMAN],33.8991796970367,33.73,2,7,7,10,335,36.03039959466,8.45556640625
64,P19827,Inter-alpha-trypsin inhibitor heavy chain H1 OS=Homo sapiens OX=9606 GN=ITIH1 PE=1 SV=3 - [ITIH1_HUMAN],32.7501413822174,14.05,3,9,9,10,911,101.32561954466,6.78564453125
65,P04264,"Keratin, type II cytoskeletal 1 OS=Homo sapiens OX=9606 GN=KRT1 PE=1 SV=6 - [K2C1_HUMAN]",32.2776520252228,18.17,7,8,9,10,644,65.9990039546601,8.11865234375
66,P00491,Purine nucleoside phosphorylase OS=Homo sapiens OX=9606 GN=PNP PE=1 SV=2 - [PNPH_HUMAN],32.0085842609406,27.68,3,6,6,9,289,32.09715760466,6.94677734375
67,P30043,Flavin reductase (NADPH) OS=Homo sapiens OX=9606 GN=BLVRB PE=1 SV=3 - [BLVRB_HUMAN],31.1163008213043,26.21,5,3,3,7,206,22.10542746466,7.64990234375
68,P01011,Alpha-1-antichymotrypsin OS=Homo sapiens OX=9606 GN=SERPINA3 PE=1 SV=2 - [AACT_HUMAN],30.2912092208862,24.11,4,8,8,9,423,47.62053863466,5.51611328125
69,P02765,Alpha-2-HS-glycoprotein OS=Homo sapiens OX=9606 GN=AHSG PE=1 SV=2 - [FETUA_HUMAN],29.7980525493622,10.08,2,3,3,6,367,39.31568933466,5.71923828125
70,P00918,Carbonic anhydrase 2 OS=Homo sapiens OX=9606 GN=CA2 PE=1 SV=2 - [CAH2_HUMAN],29.3577585220337,33.85,3,7,7,11,260,29.22792344466,7.40087890625
71,Q562R1,Beta-actin-like protein 2 OS=Homo sapiens OX=9606 GN=ACTBL2 PE=1 SV=2 - [ACTBL_HUMAN],28.1508831977844,13.83,4,1,5,11,376,41.97596926466,5.59228515625
72,P63104,14-3-3 protein zeta/delta OS=Homo sapiens OX=9606 GN=YWHAZ PE=1 SV=1 - [1433Z_HUMAN],27.8193175792694,25.71,16,3,5,8,245,27.72772965466,4.79248046875
73,B4DNK4,Pyruvate kinase OS=Homo sapiens OX=9606 GN=PKM PE=1 SV=1 - [B4DNK4_HUMAN],26.458384513855,24.51,11,7,8,8,457,49.86587352466,7.82568359375
74,A0A2R8YGX3,Tropomyosin alpha-4 chain OS=Homo sapiens OX=9606 GN=TPM4 PE=1 SV=1 - [A0A2R8YGX3_HUMAN],25.8280301094055,20.22,15,2,5,8,183,20.97271365466,4.83056640625
75,P02790,Hemopexin OS=Homo sapiens OX=9606 GN=HPX PE=1 SV=2 - [HEMO_HUMAN],25.3291531801224,20.56,2,8,8,9,462,51.64327527466,7.02001953125
76,P13645,"Keratin, type I cytoskeletal 10 OS=Homo sapiens OX=9606 GN=KRT10 PE=1 SV=6 - [K1C10_HUMAN]",24.4249110221863,17.29,1,7,7,7,584,58.79169631466,5.21142578125
77,P01619,Immunoglobulin kappa variable 3-20 OS=Homo sapiens OX=9606 GN=IGKV3-20 PE=1 SV=2 - [KV320_HUMAN],24.2851974964142,21.55,1,1,2,6,116,12.54926737466,4.95751953125
78,A0A0C4DH25,Immunoglobulin kappa variable 3D-20 OS=Homo sapiens OX=9606 GN=IGKV3D-20 PE=3 SV=1 - [KVD20_HUMAN],24.2718241214752,21.55,1,1,2,6,116,12.50723434466,4.58935546875
79,P01019,Angiotensinogen OS=Homo sapiens OX=9606 GN=AGT PE=1 SV=1 - [ANGT_HUMAN],23.9805636405945,15.05,1,5,5,7,485,53.1205172246601,6.31591796875
80,Q5T985,Inter-alpha-trypsin inhibitor heavy chain H2 OS=Homo sapiens OX=9606 GN=ITIH2 PE=1 SV=1 - [Q5T985_HUMAN],23.2953760623932,8.13,3,6,6,8,935,105.15008172466,7.03466796875
81,A0A087WWU8,Tropomyosin alpha-3 chain OS=Homo sapiens OX=9606 GN=TPM3 PE=1 SV=1 - [A0A087WWU8_HUMAN],23.2677493095398,21.15,8,3,5,7,227,26.40440233466,4.77978515625
82,P02656,Apolipoprotein C-III OS=Homo sapiens OX=9606 GN=APOC3 PE=1 SV=1 - [APOC3_HUMAN],22.8015793561935,27.27,2,2,2,7,99,10.84549951466,5.41455078125
83,P07737,Profilin-1 OS=Homo sapiens OX=9606 GN=PFN1 PE=1 SV=2 - [PROF1_HUMAN],22.6716624498367,45.71,3,5,5,9,140,15.04455675466,8.26513671875
84,P27169,Serum paraoxonase/arylesterase 1 OS=Homo sapiens OX=9606 GN=PON1 PE=1 SV=3 - [PON1_HUMAN],22.6151909828186,18.59,4,5,5,7,355,39.70622976466,5.22412109375
85,P68366,Tubulin alpha-4A chain OS=Homo sapiens OX=9606 GN=TUBA4A PE=1 SV=1 - [TBA4A_HUMAN],22.2951714992523,20.31,19,6,6,7,448,49.89237157466,5.05908203125
86,P02763,Alpha-1-acid glycoprotein 1 OS=Homo sapiens OX=9606 GN=ORM1 PE=1 SV=1 - [A1AG1_HUMAN],22.2393698692322,33.83,1,4,6,10,201,23.49676024466,5.02099609375
87,H3BQN4,Fructose-bisphosphate aldolase OS=Homo sapiens OX=9606 GN=ALDOA PE=1 SV=1 - [H3BQN4_HUMAN],21.5656745433807,19.94,9,6,6,6,361,39.31539202466,8.39697265625
88,P00488,Coagulation factor XIII A chain OS=Homo sapiens OX=9606 GN=F13A1 PE=1 SV=4 - [F13A_HUMAN],21.5261048078537,12.02,3,7,7,8,732,83.2146082746602,6.08740234375
89,P04083,Annexin A1 OS=Homo sapiens OX=9606 GN=ANXA1 PE=1 SV=2 - [ANXA1_HUMAN],20.2877576351166,20.23,3,5,5,6,346,38.68998096466,7.02001953125
90,G5E9F8,Vitamin K-dependent protein S OS=Homo sapiens OX=9606 GN=PROS1 PE=1 SV=2 - [G5E9F8_HUMAN],19.9651844501495,9.98,6,5,5,6,661,73.42614898466,5.51611328125
91,H3BM21,Integrin beta (Fragment) OS=Homo sapiens OX=9606 PE=3 SV=1 - [H3BM21_HUMAN],19.7613339424133,7.62,3,5,5,6,787,86.92226536466,5.09716796875
92,P55072,Transitional endoplasmic reticulum ATPase OS=Homo sapiens OX=9606 GN=VCP PE=1 SV=4 - [TERA_HUMAN],19.616382598877,11.41,3,8,8,8,806,89.2657238746601,5.26220703125
93,A0A3B3IS95,L-lactate dehydrogenase OS=Homo sapiens OX=9606 PE=3 SV=1 - [A0A3B3IS95_HUMAN],19.5738590955734,25.27,12,5,6,7,281,30.66899180466,6.53662109375
94,Q16610,Extracellular matrix protein 1 OS=Homo sapiens OX=9606 GN=ECM1 PE=1 SV=2 - [ECM1_HUMAN],19.1208271980286,15.19,1,7,7,7,540,60.63527778466,6.71240234375
95,P04003,C4b-binding protein alpha chain OS=Homo sapiens OX=9606 GN=C4BPA PE=1 SV=2 - [C4BPA_HUMAN],18.9977958202362,12.56,3,6,6,8,597,66.98939987466,7.29833984375
96,A7XZE4,Beta tropomyosin isoform OS=Homo sapiens OX=9606 GN=TPM2 PE=1 SV=1 - [A7XZE4_HUMAN],18.6072888374329,12.32,21,1,4,6,284,33.00558504466,4.69091796875
97,P01008,Antithrombin-III OS=Homo sapiens OX=9606 GN=SERPINC1 PE=1 SV=1 - [ANT3_HUMAN],18.5828431844711,21.34,2,9,9,9,464,52.5688667846601,6.71240234375
98,P13798,Acylamino-acid-releasing enzyme OS=Homo sapiens OX=9606 GN=APEH PE=1 SV=4 - [ACPH_HUMAN],18.4176127910614,6.97,6,4,4,5,732,81.17261523466,5.47802734375
99,P04004,Vitronectin OS=Homo sapiens OX=9606 GN=VTN PE=1 SV=1 - [VTNC_HUMAN],18.2617611885071,8.16,1,4,4,6,478,54.2711700446601,5.79541015625
100,P05546,Heparin cofactor 2 OS=Homo sapiens OX=9606 GN=SERPIND1 PE=1 SV=3 - [HEP2_HUMAN],18.2211753129959,13.43,1,6,6,7,499,57.0342064746601,6.90283203125
101,P61224,Ras-related protein Rap-1b OS=Homo sapiens OX=9606 GN=RAP1B PE=1 SV=1 - [RAP1B_HUMAN],17.8999085426331,41.3,21,6,6,6,184,20.81159370466,5.78271484375
102,P11166,"Solute carrier family 2, facilitated glucose transporter member 1 OS=Homo sapiens OX=9606 GN=SLC2A1 PE=1 SV=2 - [GTR1_HUMAN]",17.7667441368103,10.16,1,5,5,6,492,54.0485384246601,8.71923828125
103,F8VPF3,Myosin light polypeptide 6 (Fragment) OS=Homo sapiens OX=9606 GN=MYL6 PE=1 SV=1 - [F8VPF3_HUMAN],17.7094078063965,47.69,14,5,5,6,130,14.42683739466,4.51318359375
104,A0A0A0MSI0,Peroxiredoxin-1 (Fragment) OS=Homo sapiens OX=9606 GN=PRDX1 PE=1 SV=1 - [A0A0A0MSI0_HUMAN],17.4949433803558,30.99,5,4,5,7,171,18.96367310466,6.91748046875
105,A0A087WZB5,Beta-parvin OS=Homo sapiens OX=9606 GN=PARVB PE=1 SV=1 - [A0A087WZB5_HUMAN],17.3822309970856,23.18,5,5,5,6,289,33.23655036466,5.89697265625
106,P02774,Vitamin D-binding protein OS=Homo sapiens OX=9606 GN=GC PE=1 SV=2 - [VTDB_HUMAN],17.0978062152863,12.45,4,7,7,7,474,52.88294252466,5.45263671875
107,P19652,Alpha-1-acid glycoprotein 2 OS=Homo sapiens OX=9606 GN=ORM2 PE=1 SV=2 - [A1AG2_HUMAN],17.0486581325531,26.37,1,3,5,6,201,23.58763263466,5.10986328125
108,F5H7S3,Tropomyosin alpha-1 chain OS=Homo sapiens OX=9606 GN=TPM1 PE=1 SV=2 - [F5H7S3_HUMAN],16.7813801765442,9.39,10,1,3,5,245,28.50759906466,4.77978515625
109,P30041,Peroxiredoxin-6 OS=Homo sapiens OX=9606 GN=PRDX6 PE=1 SV=3 - [PRDX6_HUMAN],16.700261592865,30.36,1,6,6,6,224,25.01919155466,6.37939453125
110,P05155,Plasma protease C1 inhibitor OS=Homo sapiens OX=9606 GN=SERPING1 PE=1 SV=2 - [IC1_HUMAN],16.2288115024567,12.2,3,5,5,5,500,55.11939638466,6.55126953125
111,P15531,Nucleoside diphosphate kinase A OS=Homo sapiens OX=9606 GN=NME1 PE=1 SV=1 - [NDKA_HUMAN],16.0163908004761,33.55,9,4,4,6,152,17.13767207466,6.18896484375
112,P62258,14-3-3 protein epsilon OS=Homo sapiens OX=9606 GN=YWHAE PE=1 SV=1 - [1433E_HUMAN],16.005063533783,23.53,11,3,5,6,255,29.15541736466,4.74169921875
113,Q08380,Galectin-3-binding protein OS=Homo sapiens OX=9606 GN=LGALS3BP PE=1 SV=1 - [LG3BP_HUMAN],15.7478588819504,9.91,10,5,5,5,585,65.2892885446601,5.27490234375
114,P16452,Erythrocyte membrane protein band 4.2 OS=Homo sapiens OX=9606 GN=EPB42 PE=1 SV=3 - [EPB42_HUMAN],15.7135443687439,9.55,5,5,5,5,691,76.96070156466,8.08935546875
115,P08567,Pleckstrin OS=Homo sapiens OX=9606 GN=PLEK PE=1 SV=3 - [PLEK_HUMAN],15.6687452793121,15.14,1,3,3,4,350,40.09936658466,8.27978515625
116,P02775,Platelet basic protein OS=Homo sapiens OX=9606 GN=PPBP PE=1 SV=3 - [CXCL7_HUMAN],15.4427313804626,22.66,1,3,3,4,128,13.88541756466,8.79248046875
117,Q9H4B7,Tubulin beta-1 chain OS=Homo sapiens OX=9606 GN=TUBB1 PE=1 SV=1 - [TBB1_HUMAN],15.3373222351074,13.75,8,3,5,5,451,50.2945627146601,5.17333984375
118,F5H265,Polyubiquitin-C (Fragment) OS=Homo sapiens OX=9606 GN=UBC PE=1 SV=1 - [F5H265_HUMAN],15.1551485061646,45.64,24,4,4,5,149,16.83107960466,6.58056640625
119,P25311,Zinc-alpha-2-glycoprotein OS=Homo sapiens OX=9606 GN=AZGP1 PE=1 SV=2 - [ZA2G_HUMAN],14.9438772201538,21.48,3,4,4,4,298,34.23710609466,6.04931640625
120,P13716,Delta-aminolevulinic acid dehydratase OS=Homo sapiens OX=9606 GN=ALAD PE=1 SV=1 - [HEM2_HUMAN],14.0959947109222,13.03,2,3,3,4,330,36.27141595466,6.78564453125
121,P11021,Endoplasmic reticulum chaperone BiP OS=Homo sapiens OX=9606 GN=HSPA5 PE=1 SV=2 - [BIP_HUMAN],13.9642310142517,9.79,1,4,5,5,654,72.2884398746601,5.16064453125
122,P00352,Retinal dehydrogenase 1 OS=Homo sapiens OX=9606 GN=ALDH1A1 PE=1 SV=2 - [AL1A1_HUMAN],13.8894138336182,11.38,4,4,4,4,501,54.8269503846601,6.72705078125
123,P26038,Moesin OS=Homo sapiens OX=9606 GN=MSN PE=1 SV=3 - [MOES_HUMAN],13.5857411623001,9.53,10,5,5,6,577,67.77779292466,6.40478515625
124,Q14315,Filamin-C OS=Homo sapiens OX=9606 GN=FLNC PE=1 SV=3 - [FLNC_HUMAN],13.3676567077637,2.64,1,1,5,5,2725,290.840601884661,5.97314453125
125,A0A3B3ITP0,Protein 4.1 OS=Homo sapiens OX=9606 GN=EPB41 PE=1 SV=1 - [A0A3B3ITP0_HUMAN],13.2536392211914,11.62,25,4,4,4,542,60.5022277846601,6.60986328125
126,E9PKE3,Heat shock cognate 71 kDa protein OS=Homo sapiens OX=9606 GN=HSPA8 PE=1 SV=1 - [E9PKE3_HUMAN],13.0745935440063,7.97,13,2,4,4,627,68.76318831466,5.51611328125
127,P00558,Phosphoglycerate kinase 1 OS=Homo sapiens OX=9606 GN=PGK1 PE=1 SV=3 - [PGK1_HUMAN],13.065293431282,13.67,2,4,4,4,417,44.58612916466,8.10400390625
128,V9GYG9,Apolipoprotein A-II (Fragment) OS=Homo sapiens OX=9606 GN=APOA2 PE=1 SV=1 - [V9GYG9_HUMAN],12.8617994785309,43.16,6,4,4,5,95,10.64264312466,6.62451171875
129,A0A2Q2TTZ9,Immunoglobulin kappa variable 1-33 OS=Homo sapiens OX=9606 GN=IGKV1D-33 PE=1 SV=1 - [A0A2Q2TTZ9_HUMAN],12.6035323143005,31.48,2,2,2,3,108,11.83474766466,5.33837890625
130,Q5TDH0,Protein DDI1 homolog 2 OS=Homo sapiens OX=9606 GN=DDI2 PE=1 SV=1 - [DDI2_HUMAN],12.0884003639221,14.54,3,3,3,4,399,44.49450290466,5.04638671875
131,F8WCZ6,Complement C1s subcomponent OS=Homo sapiens OX=9606 GN=C1S PE=1 SV=1 - [F8WCZ6_HUMAN],11.8872227668762,9.4,5,4,4,4,521,57.4820323746601,5.45263671875
132,S4R471,Protein AMBP (Fragment) OS=Homo sapiens OX=9606 GN=AMBP PE=1 SV=1 - [S4R471_HUMAN],11.8145031929016,20.21,3,3,3,4,193,21.42640984466,7.25439453125
133,P17066,Heat shock 70 kDa protein 6 OS=Homo sapiens OX=9606 GN=HSPA6 PE=1 SV=2 - [HSP76_HUMAN],11.8131077289581,10.26,9,1,4,4,643,70.9842290346601,6.13818359375
134,X6RJP6,Transgelin-2 (Fragment) OS=Homo sapiens OX=9606 GN=TAGLN2 PE=1 SV=1 - [X6RJP6_HUMAN],11.7885103225708,31.55,2,5,5,5,187,21.07253706466,7.81103515625
135,Q5JP53,Tubulin beta chain OS=Homo sapiens OX=9606 GN=TUBB PE=1 SV=1 - [Q5JP53_HUMAN],11.5655872821808,11.74,18,2,4,4,426,47.7359888746601,4.80517578125
136,P22314,Ubiquitin-like modifier-activating enzyme 1 OS=Homo sapiens OX=9606 GN=UBA1 PE=1 SV=3 - [UBA1_HUMAN],11.4737141132355,4.63,2,3,3,3,1058,117.77433464466,5.75732421875
137,Q13418,Integrin-linked protein kinase OS=Homo sapiens OX=9606 GN=ILK PE=1 SV=2 - [ILK_HUMAN],11.3601707220078,11.28,3,4,4,4,452,51.38592744466,8.07470703125
138,P00568,Adenylate kinase isoenzyme 1 OS=Homo sapiens OX=9606 GN=AK1 PE=1 SV=3 - [KAD1_HUMAN],11.3386714458466,17.53,3,2,2,3,194,21.62130827466,8.63134765625
139,P0DMV9,Heat shock 70 kDa protein 1B OS=Homo sapiens OX=9606 GN=HSPA1B PE=1 SV=1 - [HS71B_HUMAN],11.2202932834625,9.83,13,1,4,4,641,70.0090404646601,5.65576171875
140,A0A0G2JPA8,Alpha-2-antiplasmin OS=Homo sapiens OX=9606 GN=SERPINF2 PE=1 SV=1 - [A0A0G2JPA8_HUMAN],10.894820690155,12.18,6,4,4,4,427,47.9066233846601,5.94775390625
141,K9JIK7,Glycophorin-A OS=Homo sapiens OX=9606 GN=GYPA PE=1 SV=1 - [K9JIK7_HUMAN],10.7102971076965,43.06,8,2,2,2,72,7.83831684466,4.89404296875
142,Q7Z406,Myosin-14 OS=Homo sapiens OX=9606 GN=MYH14 PE=1 SV=2 - [MYH14_HUMAN],10.4059315919876,1.7,5,1,3,4,1995,227.73178123466,5.60498046875
143,P52209,"6-phosphogluconate dehydrogenase, decarboxylating OS=Homo sapiens OX=9606 GN=PGD PE=1 SV=3 - [6PGD_HUMAN]",10.365701675415,10.56,4,3,3,3,483,53.10595580466,7.22509765625
144,U3KQE2,Calpain small subunit 1 (Fragment) OS=Homo sapiens OX=9606 GN=CAPNS1 PE=1 SV=1 - [U3KQE2_HUMAN],10.2829909324646,21.74,10,3,3,3,161,18.43373952466,4.91943359375
145,P12931,Proto-oncogene tyrosine-protein kinase Src OS=Homo sapiens OX=9606 GN=SRC PE=1 SV=3 - [SRC_HUMAN],10.1591267585754,8.58,10,2,4,4,536,59.7969950346601,7.41552734375
146,P00742,Coagulation factor X OS=Homo sapiens OX=9606 GN=F10 PE=1 SV=2 - [FA10_HUMAN],9.61418485641479,10.25,1,4,4,4,488,54.6965165346601,5.93505859375
147,P40925,"Malate dehydrogenase, cytoplasmic OS=Homo sapiens OX=9606 GN=MDH1 PE=1 SV=4 - [MDHC_HUMAN]",9.61348462104797,10.48,6,3,3,3,334,36.40302195466,7.35693359375
148,P07384,Calpain-1 catalytic subunit OS=Homo sapiens OX=9606 GN=CAPN1 PE=1 SV=1 - [CAN1_HUMAN],9.43376088142395,7.84,10,4,4,4,714,81.8381919046601,5.66845703125
149,H3BLU7,Aflatoxin B1 aldehyde reductase member 2 (Fragment) OS=Homo sapiens OX=9606 GN=AKR7A2 PE=1 SV=1 - [H3BLU7_HUMAN],9.30845713615417,9.87,2,2,2,3,314,34.66224727466,7.18115234375
150,S4R460,Immunoglobulin heavy variable 3/OR16-9 (non-functional) OS=Homo sapiens OX=9606 GN=IGHV3OR16-9 PE=1 SV=2 - [S4R460_HUMAN],9.21387791633606,19.79,2,1,1,2,96,10.42299309466,7.97216796875
151,P19105,Myosin regulatory light chain 12A OS=Homo sapiens OX=9606 GN=MYL12A PE=1 SV=2 - [ML12A_HUMAN],9.06793856620789,22.81,5,3,3,3,171,19.78149140466,4.80517578125
152,P06702,Protein S100-A9 OS=Homo sapiens OX=9606 GN=S100A9 PE=1 SV=1 - [S10A9_HUMAN],8.89297235012054,35.96,1,3,3,4,114,13.23350884466,6.12548828125
153,P01042,Kininogen-1 OS=Homo sapiens OX=9606 GN=KNG1 PE=1 SV=2 - [KNG1_HUMAN],8.88838422298431,11.96,1,6,6,6,644,71.91215384466,6.81494140625
154,K7EM90,Alpha-enolase (Fragment) OS=Homo sapiens OX=9606 GN=ENO1 PE=1 SV=1 - [K7EM90_HUMAN],8.83088874816895,18.97,18,3,3,3,195,21.00704115466,8.88037109375
155,A0A087X0Q4,Immunoglobulin kappa variable 2-40 OS=Homo sapiens OX=9606 GN=IGKV2-40 PE=1 SV=1 - [A0A087X0Q4_HUMAN],8.797931432724,15.38,8,2,2,3,104,11.42653173466,4.48779296875
156,P07738,Bisphosphoglycerate mutase OS=Homo sapiens OX=9606 GN=BPGM PE=1 SV=2 - [PMGE_HUMAN],8.79602432250977,13.51,1,2,2,2,259,29.98651171466,6.53662109375
157,P61204,ADP-ribosylation factor 3 OS=Homo sapiens OX=9606 GN=ARF3 PE=1 SV=2 - [ARF3_HUMAN],8.67747139930725,18.23,6,3,3,3,181,20.58773094466,7.43017578125
158,P62805,Histone H4 OS=Homo sapiens OX=9606 GN=HIST1H4A PE=1 SV=2 - [H4_HUMAN],8.66790246963501,29.13,1,3,3,3,103,11.36038230466,11.35595703125
159,P04350,Tubulin beta-4A chain OS=Homo sapiens OX=9606 GN=TUBB4A PE=1 SV=2 - [TBB4A_HUMAN],8.64008235931396,7.88,17,1,3,3,444,49.5539031146601,4.88134765625
160,E9PLJ3,Cofilin-1 (Fragment) OS=Homo sapiens OX=9606 GN=CFL1 PE=1 SV=1 - [E9PLJ3_HUMAN],8.57778596878052,49.37,8,3,3,3,79,9.08473725466,8.38232421875
161,P08185,Corticosteroid-binding globulin OS=Homo sapiens OX=9606 GN=SERPINA6 PE=1 SV=1 - [CBG_HUMAN],8.47112202644348,7.65,3,3,3,3,405,45.11190931466,6.03662109375
162,A0A0C4DH72,Immunoglobulin kappa variable 1-6 OS=Homo sapiens OX=9606 GN=IGKV1-6 PE=3 SV=1 - [KV106_HUMAN],8.41336393356323,23.93,5,2,2,3,117,12.68935269466,8.29443359375
163,P02776,Platelet factor 4 OS=Homo sapiens OX=9606 GN=PF4 PE=1 SV=2 - [PLF4_HUMAN],8.18424153327942,23.76,2,2,2,3,101,10.83789490466,8.61669921875
164,P61981,14-3-3 protein gamma OS=Homo sapiens OX=9606 GN=YWHAG PE=1 SV=2 - [1433G_HUMAN],8.12013220787048,12.96,7,1,3,3,247,28.28491393466,4.89404296875
165,P04217,Alpha-1B-glycoprotein OS=Homo sapiens OX=9606 GN=A1BG PE=1 SV=4 - [A1BG_HUMAN],7.92446947097778,6.67,2,3,3,3,495,54.2195419846601,5.85888671875
166,Q04917,14-3-3 protein eta OS=Homo sapiens OX=9606 GN=YWHAH PE=1 SV=4 - [1433F_HUMAN],7.87885928153992,13.01,7,1,3,3,246,28.20101996466,4.84326171875
167,B1AH49,3-mercaptopyruvate sulfurtransferase OS=Homo sapiens OX=9606 GN=MPST PE=1 SV=1 - [B1AH49_HUMAN],7.87594509124756,17.86,2,2,2,2,224,24.96651037466,7.64990234375
168,P35908,"Keratin, type II cytoskeletal 2 epidermal OS=Homo sapiens OX=9606 GN=KRT2 PE=1 SV=2 - [K22E_HUMAN]",7.80202388763428,6.26,6,2,3,3,639,65.3932203446601,8.00146484375
169,A0A0B4J1X5,Immunoglobulin heavy variable 3-74 OS=Homo sapiens OX=9606 GN=IGHV3-74 PE=3 SV=1 - [HV374_HUMAN],7.79747402667999,24.79,12,1,3,3,117,12.83137077466,8.66064453125
170,O00299,Chloride intracellular channel protein 1 OS=Homo sapiens OX=9606 GN=CLIC1 PE=1 SV=4 - [CLIC1_HUMAN],7.79181408882141,12.45,1,2,2,2,241,26.90574934466,5.17333984375
171,P12259,Coagulation factor V OS=Homo sapiens OX=9606 GN=F5 PE=1 SV=4 - [FA5_HUMAN],7.76743483543396,1.44,2,3,3,3,2224,251.545526534662,6.04931640625
172,P0DJI8,Serum amyloid A-1 protein OS=Homo sapiens OX=9606 GN=SAA1 PE=1 SV=1 - [SAA1_HUMAN],7.76226592063904,28.69,2,2,2,2,122,13.52351894466,6.78564453125
173,P30101,Protein disulfide-isomerase A3 OS=Homo sapiens OX=9606 GN=PDIA3 PE=1 SV=4 - [PDIA3_HUMAN],7.7585928440094,8.91,1,2,2,2,505,56.7467500846601,6.35400390625
174,P31946,14-3-3 protein beta/alpha OS=Homo sapiens OX=9606 GN=YWHAB PE=1 SV=3 - [1433B_HUMAN],7.61127758026123,15.04,7,1,3,3,246,28.06483186466,4.83056640625
175,P27348,14-3-3 protein theta OS=Homo sapiens OX=9606 GN=YWHAQ PE=1 SV=1 - [1433T_HUMAN],7.5907895565033,13.06,8,1,3,3,245,27.74676799466,4.77978515625
176,A0A140T933,"HLA class I histocompatibility antigen, A-3 alpha chain (Fragment) OS=Homo sapiens OX=9606 GN=HLA-A PE=1 SV=1 - [A0A140T933_HUMAN]",7.48055052757263,10.03,11,1,2,2,299,34.24570968466,6.71240234375
177,P07900,Heat shock protein HSP 90-alpha OS=Homo sapiens OX=9606 GN=HSP90AA1 PE=1 SV=5 - [HS90A_HUMAN],7.39073991775513,4.51,2,3,3,3,732,84.60668521466,5.02099609375
178,P78371,T-complex protein 1 subunit beta OS=Homo sapiens OX=9606 GN=CCT2 PE=1 SV=4 - [TCPB_HUMAN],7.36587333679199,4.3,3,2,2,3,535,57.45213278466,6.45556640625
179,P78417,Glutathione S-transferase omega-1 OS=Homo sapiens OX=9606 GN=GSTO1 PE=1 SV=2 - [GSTO1_HUMAN],7.28697049617767,12.86,3,3,3,3,241,27.54803938466,6.59521484375
180,P00338,L-lactate dehydrogenase A chain OS=Homo sapiens OX=9606 GN=LDHA PE=1 SV=2 - [LDHA_HUMAN],7.20935750007629,10.54,14,2,3,4,332,36.66536273466,8.26513671875
181,P60174,Triosephosphate isomerase OS=Homo sapiens OX=9606 GN=TPI1 PE=1 SV=3 - [TPIS_HUMAN],7.12043476104736,10.14,3,2,2,2,286,30.77169764466,5.92236328125
182,P18465,"HLA class I histocompatibility antigen, B-57 alpha chain OS=Homo sapiens OX=9606 GN=HLA-B PE=1 SV=1 - [1B57_HUMAN]",7.09397864341736,9.12,44,1,2,2,362,40.1989482446601,6.30322265625
183,P13489,Ribonuclease inhibitor OS=Homo sapiens OX=9606 GN=RNH1 PE=1 SV=2 - [RINI_HUMAN],7.05947041511536,6.51,5,2,2,2,461,49.94108966466,4.81787109375
184,P62937,Peptidyl-prolyl cis-trans isomerase A OS=Homo sapiens OX=9606 GN=PPIA PE=1 SV=2 - [PPIA_HUMAN],7.01235198974609,15.15,4,2,2,2,165,18.00088618466,7.81103515625
185,H7C5H1,Complement factor B (Fragment) OS=Homo sapiens OX=9606 GN=CFB PE=1 SV=1 - [H7C5H1_HUMAN],6.96065974235535,12.13,4,3,3,3,305,34.66986681466,7.06396484375
186,B4DUR8,T-complex protein 1 subunit gamma OS=Homo sapiens OX=9606 GN=CCT3 PE=1 SV=1 - [B4DUR8_HUMAN],6.86504316329956,4.4,2,2,2,2,500,55.63870411466,5.64306640625
187,P30046,D-dopachrome decarboxylase OS=Homo sapiens OX=9606 GN=DDT PE=1 SV=3 - [DOPD_HUMAN],6.75562930107117,19.49,5,2,2,2,118,12.70366339466,7.29833984375
188,D6RC54,Calpastatin (Fragment) OS=Homo sapiens OX=9606 GN=CAST PE=1 SV=1 - [D6RC54_HUMAN],6.72787356376648,26.37,16,2,2,2,91,10.02996439466,4.51318359375
189,A0A087WSY5,Carboxypeptidase B2 OS=Homo sapiens OX=9606 GN=CPB2 PE=1 SV=1 - [A0A087WSY5_HUMAN],6.6546813249588,6.99,2,3,3,3,386,43.99420425466,7.70849609375
190,Q15404,Ras suppressor protein 1 OS=Homo sapiens OX=9606 GN=RSU1 PE=1 SV=3 - [RSU1_HUMAN],6.5967344045639,21.66,1,4,4,4,277,31.52069322466,8.64599609375
191,P35858,Insulin-like growth factor-binding protein complex acid labile subunit OS=Homo sapiens OX=9606 GN=IGFALS PE=1 SV=1 - [ALS_HUMAN],6.59424209594727,7.44,1,3,3,3,605,65.99379937466,6.78564453125
192,P01700,Immunoglobulin lambda variable 1-47 OS=Homo sapiens OX=9606 GN=IGLV1-47 PE=1 SV=2 - [LV147_HUMAN],6.542311668396,24.79,2,2,2,2,117,12.27590602466,5.90966796875
193,A0A0C4DGB2,Glutamate--cysteine ligase catalytic subunit OS=Homo sapiens OX=9606 GN=GCLC PE=1 SV=1 - [A0A0C4DGB2_HUMAN],6.51162576675415,10.71,5,2,2,2,252,28.73340262466,7.60595703125
194,P15169,Carboxypeptidase N catalytic chain OS=Homo sapiens OX=9606 GN=CPN1 PE=1 SV=1 - [CBPN_HUMAN],6.50547003746033,5.24,2,2,2,2,458,52.25331419466,7.34228515625
195,P50990,T-complex protein 1 subunit theta OS=Homo sapiens OX=9606 GN=CCT8 PE=1 SV=4 - [TCPQ_HUMAN],6.45009875297546,6.39,2,3,3,3,548,59.58250903466,5.60498046875
196,P43652,Afamin OS=Homo sapiens OX=9606 GN=AFM PE=1 SV=1 - [AFAM_HUMAN],6.2862389087677,6.18,1,3,3,3,599,69.02401644466,5.89697265625
197,P05090,Apolipoprotein D OS=Homo sapiens OX=9606 GN=APOD PE=1 SV=1 - [APOD_HUMAN],6.24239444732666,12.7,2,2,2,2,189,21.26176389466,5.14794921875
198,P53396,ATP-citrate synthase OS=Homo sapiens OX=9606 GN=ACLY PE=1 SV=3 - [ACLY_HUMAN],6.16624879837036,2.36,1,2,2,2,1101,120.76188665466,7.32763671875
199,P23526,Adenosylhomocysteinase OS=Homo sapiens OX=9606 GN=AHCY PE=1 SV=4 - [SAHH_HUMAN],6.14509415626526,5.32,1,2,2,2,432,47.68520607466,6.34130859375
200,A0A0J9YY99,Uncharacterized protein (Fragment) OS=Homo sapiens OX=9606 PE=1 SV=1 - [A0A0J9YY99_HUMAN],6.13502085208893,17.09,3,1,2,3,117,12.95643369466,8.92431640625
201,P13224,Platelet glycoprotein Ib beta chain OS=Homo sapiens OX=9606 GN=GP1BB PE=1 SV=1 - [GP1BB_HUMAN],6.03580737113953,10.68,1,2,2,2,206,21.70376217466,9.30517578125
202,A0A0C4DGZ8,"Glycoprotein Ib (Platelet), alpha polypeptide OS=Homo sapiens OX=9606 GN=GP1BA PE=1 SV=1 - [A0A0C4DGZ8_HUMAN]",6.0037887096405,3.51,2,2,2,2,626,68.9119965446603,6.68310546875
203,A0A0A0MSV6,Complement C1q subcomponent subunit B (Fragment) OS=Homo sapiens OX=9606 GN=C1QB PE=1 SV=6 - [A0A0A0MSV6_HUMAN],5.97544765472412,9.21,4,2,2,2,228,24.01525964466,9.15869140625
204,E7EQB2,Lactotransferrin (Fragment) OS=Homo sapiens OX=9606 GN=LTF PE=1 SV=1 - [E7EQB2_HUMAN],5.91812014579773,4.02,3,2,2,2,696,76.5768903246601,8.01611328125
205,Q92928,Putative Ras-related protein Rab-1C OS=Homo sapiens OX=9606 GN=RAB1C PE=5 SV=2 - [RAB1C_HUMAN],5.89961647987366,13.43,54,1,2,2,201,22.00303272466,5.42724609375
206,Q07960,Rho GTPase-activating protein 1 OS=Homo sapiens OX=9606 GN=ARHGAP1 PE=1 SV=1 - [RHG01_HUMAN],5.88218402862549,6.83,2,2,2,2,439,50.40418843466,6.29052734375
207,E7EPV7,Alpha-synuclein OS=Homo sapiens OX=9606 GN=SNCA PE=1 SV=1 - [E7EPV7_HUMAN],5.88055157661438,25.22,4,2,2,2,115,11.76925006466,9.23193359375
208,P01780,Immunoglobulin heavy variable 3-7 OS=Homo sapiens OX=9606 GN=IGHV3-7 PE=1 SV=2 - [HV307_HUMAN],5.86820912361145,17.09,5,1,2,2,117,12.93441164466,6.56591796875
209,V9GYJ8,Apolipoprotein C-II OS=Homo sapiens OX=9606 GN=APOC2 PE=1 SV=1 - [V9GYJ8_HUMAN],5.85977911949158,36.78,4,2,2,3,87,9.57085008466,4.52587890625
210,A0A075B7B8,Immunoglobulin heavy variable 3/OR16-12 (non-functional) (Fragment) OS=Homo sapiens OX=9606 GN=IGHV3OR16-12 PE=1 SV=1 - [A0A075B7B8_HUMAN],5.77161049842834,18.8,3,1,2,2,117,12.86626900466,6.50732421875
211,O95810,Caveolae-associated protein 2 OS=Homo sapiens OX=9606 GN=CAVIN2 PE=1 SV=3 - [CAVN2_HUMAN],5.75585913658142,7.06,1,2,2,2,425,47.14459056466,5.21142578125
212,P47755,F-actin-capping protein subunit alpha-2 OS=Homo sapiens OX=9606 GN=CAPZA2 PE=1 SV=3 - [CAZA2_HUMAN],5.70649147033691,9.44,5,2,2,2,286,32.92860954466,5.84619140625
213,P29622,Kallistatin OS=Homo sapiens OX=9606 GN=SERPINA4 PE=1 SV=3 - [KAIN_HUMAN],5.70032358169556,9.13,1,3,3,3,427,48.51116020466,7.75244140625
214,O75083,WD repeat-containing protein 1 OS=Homo sapiens OX=9606 GN=WDR1 PE=1 SV=4 - [WDR1_HUMAN],5.69546580314636,5.78,1,2,2,2,606,66.1518722446601,6.65380859375
215,P61026,Ras-related protein Rab-10 OS=Homo sapiens OX=9606 GN=RAB10 PE=1 SV=1 - [RAB10_HUMAN],5.67447710037231,11.0,50,1,2,2,200,22.52659012466,8.38232421875
216,E9PHT9,Annexin OS=Homo sapiens OX=9606 GN=ANXA5 PE=1 SV=1 - [E9PHT9_HUMAN],5.63802361488342,15.34,3,2,2,2,163,18.21246602466,5.05908203125
217,C9J8U2,Nicotinate phosphoribosyltransferase OS=Homo sapiens OX=9606 GN=NAPRT PE=1 SV=1 - [C9J8U2_HUMAN],5.62071681022644,6.33,4,2,2,2,490,52.12912020466,5.32568359375
218,P13671,Complement component C6 OS=Homo sapiens OX=9606 GN=C6 PE=1 SV=3 - [CO6_HUMAN],5.47350668907166,3.1,1,2,2,2,934,104.71800931466,6.75634765625
219,J3KNF4,Copper chaperone for superoxide dismutase OS=Homo sapiens OX=9606 GN=CCS PE=1 SV=1 - [J3KNF4_HUMAN],5.43618679046631,8.24,4,2,2,2,255,27.06950229466,5.89697265625
220,P16403,Histone H1.2 OS=Homo sapiens OX=9606 GN=HIST1H1C PE=1 SV=2 - [H12_HUMAN],5.39461088180542,9.39,5,2,2,2,213,21.35174876466,10.93115234375
221,P13796,Plastin-2 OS=Homo sapiens OX=9606 GN=LCP1 PE=1 SV=6 - [PLSL_HUMAN],5.39304900169373,3.99,1,2,2,2,627,70.24389488466,5.42724609375
222,F8WDD7,Actin-related protein 2/3 complex subunit 4 OS=Homo sapiens OX=9606 GN=ARPC4 PE=4 SV=1 - [F8WDD7_HUMAN],5.36019253730774,16.81,6,2,2,2,113,13.04903935466,9.51025390625
223,P14770,Platelet glycoprotein IX OS=Homo sapiens OX=9606 GN=GP9 PE=1 SV=3 - [GPIX_HUMAN],5.27653813362122,12.43,1,2,2,2,177,19.03368825466,6.34130859375
224,Q00610,Clathrin heavy chain 1 OS=Homo sapiens OX=9606 GN=CLTC PE=1 SV=5 - [CLH1_HUMAN],5.25123333930969,1.25,4,2,2,2,1675,191.49253255466,5.69384765625
225,A0A182DWH7,Selenoprotein P (Fragment) OS=Homo sapiens OX=9606 GN=SELENOP PE=1 SV=1 - [A0A182DWH7_HUMAN],5.20481848716736,7.42,2,2,2,2,310,35.09340398466,7.66455078125
226,P02743,Serum amyloid P-component OS=Homo sapiens OX=9606 GN=APCS PE=1 SV=2 - [SAMP_HUMAN],5.18154811859131,9.42,1,2,2,2,223,25.37113188466,6.53662109375
227,P00492,Hypoxanthine-guanine phosphoribosyltransferase OS=Homo sapiens OX=9606 GN=HPRT1 PE=1 SV=2 - [HPRT_HUMAN],5.14362192153931,12.39,1,2,2,2,218,24.56360054466,6.68310546875
228,P35527,"Keratin, type I cytoskeletal 9 OS=Homo sapiens OX=9606 GN=KRT9 PE=1 SV=3 - [K1C9_HUMAN]",5.08993196487427,3.21,2,2,2,2,623,62.02681761466,5.23681640625
229,H0YFX9,Histone H2A (Fragment) OS=Homo sapiens OX=9606 GN=H2AFJ PE=1 SV=1 - [H0YFX9_HUMAN],5.05987596511841,28.26,21,2,2,2,92,9.96958088466,9.70068359375
230,F8VQQ8,Ubiquitin-conjugating enzyme E2 N OS=Homo sapiens OX=9606 GN=UBE2N PE=1 SV=1 - [F8VQQ8_HUMAN],5.05507159233093,21.35,3,2,2,2,89,10.08231089466,8.79248046875
231,C9JA05,Immunoglobulin J chain (Fragment) OS=Homo sapiens OX=9606 GN=JCHAIN PE=1 SV=1 - [C9JA05_HUMAN],5.03634214401245,27.14,4,2,2,2,70,8.16240927466,8.55810546875
232,P06239,Tyrosine-protein kinase Lck OS=Homo sapiens OX=9606 GN=LCK PE=1 SV=6 - [LCK_HUMAN],5.00867223739624,5.5,6,1,2,2,509,57.96385062466,5.36376953125
233,F2Z2Q9,Low molecular weight phosphotyrosine protein phosphatase OS=Homo sapiens OX=9606 GN=ACP1 PE=1 SV=1 - [F2Z2Q9_HUMAN],5.00766444206238,30.0,4,2,2,2,70,7.49580106466,5.10986328125
234,O75368,SH3 domain-binding glutamic acid-rich-like protein OS=Homo sapiens OX=9606 GN=SH3BGRL PE=1 SV=1 - [SH3L1_HUMAN],4.99395823478699,20.18,1,2,2,2,114,12.76637888466,5.24951171875
235,K7EKH5,Fructose-bisphosphate aldolase C (Fragment) OS=Homo sapiens OX=9606 GN=ALDOC PE=1 SV=1 - [K7EKH5_HUMAN],4.85287761688232,17.04,6,1,1,1,135,15.02586007466,8.58740234375
236,P37837,Transaldolase OS=Homo sapiens OX=9606 GN=TALDO1 PE=1 SV=2 - [TALDO_HUMAN],4.8101270198822,5.64,2,2,2,2,337,37.51646344466,6.81494140625
237,A0A075B7D0,Immunoglobulin heavy variable 1/OR15-1 (non-functional) (Fragment) OS=Homo sapiens OX=9606 GN=IGHV1OR15-1 PE=1 SV=1 - [A0A075B7D0_HUMAN],4.77017188072205,10.26,1,1,1,2,117,13.00335760466,9.12939453125
238,O15144,Actin-related protein 2/3 complex subunit 2 OS=Homo sapiens OX=9606 GN=ARPC2 PE=1 SV=1 - [ARPC2_HUMAN],4.74299383163452,6.67,5,2,2,2,300,34.31148671466,7.35693359375
239,B1AK87,F-actin-capping protein subunit beta OS=Homo sapiens OX=9606 GN=CAPZB PE=1 SV=1 - [B1AK87_HUMAN],4.73202466964722,9.23,4,2,2,2,260,29.27682905466,6.91748046875
240,F8WDR7,Actin-related protein 3 (Fragment) OS=Homo sapiens OX=9606 GN=ACTR3 PE=1 SV=2 - [F8WDR7_HUMAN],4.71162176132202,25.0,3,1,1,1,84,10.11486686466,4.46240234375
241,A0A1B0GUS4,Ubiquitin-conjugating enzyme E2 L5 OS=Homo sapiens OX=9606 GN=UBE2L5 PE=2 SV=1 - [UB2L5_HUMAN],4.7068338394165,14.29,2,1,1,1,154,17.86415763466,7.84033203125
242,P10124,Serglycin OS=Homo sapiens OX=9606 GN=SRGN PE=1 SV=3 - [SRGN_HUMAN],4.65763092041016,8.23,1,1,1,2,158,17.64063793466,4.95751953125
243,H7C1S2,Bifunctional purine biosynthesis protein PURH (Fragment) OS=Homo sapiens OX=9606 GN=ATIC PE=1 SV=1 - [H7C1S2_HUMAN],4.63709497451782,12.99,2,2,2,2,231,25.99734384466,6.93212890625
244,A0A087X1J7,Glutathione peroxidase OS=Homo sapiens OX=9606 GN=GPX3 PE=1 SV=1 - [A0A087X1J7_HUMAN],4.5987331867218,11.56,5,2,2,2,225,25.38595149466,8.13330078125
245,H7BYH4,Superoxide dismutase [Cu-Zn] OS=Homo sapiens OX=9606 GN=SOD1 PE=1 SV=1 - [H7BYH4_HUMAN],4.59230661392212,8.89,2,1,1,1,135,13.90083279466,6.11279296875
246,P05556,Integrin beta-1 OS=Homo sapiens OX=9606 GN=ITGB1 PE=1 SV=2 - [ITB1_HUMAN],4.53852105140686,2.38,1,2,2,2,798,88.35701453466,5.38916015625
247,P31146,Coronin-1A OS=Homo sapiens OX=9606 GN=CORO1A PE=1 SV=4 - [COR1A_HUMAN],4.46570420265198,7.38,4,3,3,3,461,50.99380336466,6.68310546875
248,P04921,Glycophorin-C OS=Homo sapiens OX=9606 GN=GYPC PE=1 SV=1 - [GLPC_HUMAN],4.44645547866821,20.31,1,1,1,1,128,13.80168427466,4.84326171875
249,A0A0C4DH67,Immunoglobulin kappa variable 1-8 OS=Homo sapiens OX=9606 GN=IGKV1-8 PE=3 SV=1 - [KV108_HUMAN],4.42892789840698,13.91,3,1,1,1,115,12.52923547466,9.01220703125
250,P20618,Proteasome subunit beta type-1 OS=Homo sapiens OX=9606 GN=PSMB1 PE=1 SV=2 - [PSB1_HUMAN],4.42316675186157,9.54,1,2,2,2,241,26.47237102466,8.13330078125
251,E7EPG1,Multimerin-1 OS=Homo sapiens OX=9606 GN=MMRN1 PE=1 SV=1 - [E7EPG1_HUMAN],4.40228426456451,4.95,2,3,3,3,970,110.68253981466,7.02001953125
252,P07451,Carbonic anhydrase 3 OS=Homo sapiens OX=9606 GN=CA3 PE=1 SV=3 - [CAH3_HUMAN],4.40154075622559,10.0,1,2,2,2,260,29.53870765466,7.34228515625
253,C9J0K6,Sorcin OS=Homo sapiens OX=9606 GN=SRI PE=1 SV=1 - [C9J0K6_HUMAN],4.34803986549377,13.55,2,2,2,2,155,17.59350866466,5.60498046875
254,A0A075B6K5,Immunoglobulin lambda variable 3-9 OS=Homo sapiens OX=9606 GN=IGLV3-9 PE=3 SV=1 - [LV39_HUMAN],4.31218194961548,13.91,2,1,1,1,115,12.32407787466,7.38623046875
255,P30613,Pyruvate kinase PKLR OS=Homo sapiens OX=9606 GN=PKLR PE=1 SV=2 - [KPYR_HUMAN],4.30211389064789,3.31,1,1,2,2,574,61.7914922846601,7.73779296875
256,Q9P273,Teneurin-3 OS=Homo sapiens OX=9606 GN=TENM3 PE=2 SV=3 - [TEN3_HUMAN],4.28668737411499,0.96,1,1,1,1,2699,300.759783934661,6.41748046875
257,P26447,Protein S100-A4 OS=Homo sapiens OX=9606 GN=S100A4 PE=1 SV=1 - [S10A4_HUMAN],4.24462509155273,18.81,1,2,2,2,101,11.72073264466,6.11279296875
258,Q5T123,SH3 domain-binding glutamic acid-rich-like protein 3 OS=Homo sapiens OX=9606 GN=SH3BGRL3 PE=1 SV=1 - [Q5T123_HUMAN],4.2303318977356,17.05,2,1,1,1,88,9.37476046466,9.36376953125
259,E9PFF2,Transketolase OS=Homo sapiens OX=9606 GN=TKT PE=1 SV=1 - [E9PFF2_HUMAN],4.22967290878296,5.69,3,1,1,1,334,36.42633400466,7.76708984375
260,E9PLT1,Platelet glycoprotein 4 OS=Homo sapiens OX=9606 GN=CD36 PE=1 SV=1 - [E9PLT1_HUMAN],4.12409269809723,3.79,4,2,2,2,396,44.70386174466,8.04541015625
261,K7ESA0,"ATP synthase subunit alpha, mitochondrial OS=Homo sapiens OX=9606 GN=ATP5F1A PE=1 SV=1 - [K7ESA0_HUMAN]",3.99176359176636,19.48,6,1,1,1,77,8.25936663466,10.49169921875
262,H7BZT7,S-formylglutathione hydrolase (Fragment) OS=Homo sapiens OX=9606 GN=ESD PE=1 SV=1 - [H7BZT7_HUMAN],3.95139408111572,9.57,3,1,1,1,230,25.46263737466,6.85888671875
263,A0A0B4J2D9,Immunoglobulin kappa variable 1D-13 OS=Homo sapiens OX=9606 GN=IGKV1D-13 PE=3 SV=1 - [KVD13_HUMAN],3.90197038650513,13.68,1,1,1,1,117,12.56130063466,7.84033203125
264,P09105,Hemoglobin subunit theta-1 OS=Homo sapiens OX=9606 GN=HBQ1 PE=1 SV=2 - [HBAT_HUMAN],3.89334678649902,7.75,1,1,1,1,142,15.49811935466,7.62060546875
265,B1AHM7,Fibulin-1 (Fragment) OS=Homo sapiens OX=9606 GN=FBLN1 PE=1 SV=1 - [B1AHM7_HUMAN],3.82089829444885,11.51,5,1,1,1,139,15.42184544466,4.75439453125
266,O14791,Apolipoprotein L1 OS=Homo sapiens OX=9606 GN=APOL1 PE=1 SV=5 - [APOL1_HUMAN],3.78201293945313,3.77,1,1,1,1,398,43.94689632466,5.80810546875
267,A0A087WTG3,Cullin-3 OS=Homo sapiens OX=9606 GN=CUL3 PE=1 SV=1 - [A0A087WTG3_HUMAN],3.77541470527649,5.56,1,1,1,1,342,39.12231962466,9.48095703125
268,P01704,Immunoglobulin lambda variable 2-14 OS=Homo sapiens OX=9606 GN=IGLV2-14 PE=1 SV=2 - [LV214_HUMAN],3.75216317176819,13.33,1,1,1,1,120,12.58900688466,6.49365234375
269,O60814,Histone H2B type 1-K OS=Homo sapiens OX=9606 GN=HIST1H2BK PE=1 SV=3 - [H2B1K_HUMAN],3.72186732292175,11.9,15,1,1,1,126,13.88156321466,10.31591796875
270,A0A087WTA8,Collagen alpha-2(I) chain OS=Homo sapiens OX=9606 GN=COL1A2 PE=1 SV=1 - [A0A087WTA8_HUMAN],3.71766924858093,2.42,2,1,1,1,1364,129.07237022466,9.01220703125
271,Q9Y3I1,F-box only protein 7 OS=Homo sapiens OX=9606 GN=FBXO7 PE=1 SV=1 - [FBX7_HUMAN],3.68599677085876,2.49,1,1,1,1,522,58.4659351946601,6.55126953125
272,P04745,Alpha-amylase 1 OS=Homo sapiens OX=9606 GN=AMY1A PE=1 SV=2 - [AMY1_HUMAN],3.66802000999451,5.48,3,1,1,1,511,57.7309150246601,6.93212890625
273,Q5QPP1,UDP-glucose 4-epimerase (Fragment) OS=Homo sapiens OX=9606 GN=GALE PE=1 SV=1 - [Q5QPP1_HUMAN],3.61714601516724,4.12,4,1,1,2,194,21.41893733466,6.78564453125
274,A0A075B6R9,Immunoglobulin kappa variable 2D-24 (non-functional) (Fragment) OS=Homo sapiens OX=9606 GN=IGKV2D-24 PE=1 SV=1 - [A0A075B6R9_HUMAN],3.59158968925476,10.83,2,1,1,1,120,13.07068872466,8.86572265625
275,O43598,2'-deoxynucleoside 5'-phosphate N-hydrolase 1 OS=Homo sapiens OX=9606 GN=DNPH1 PE=1 SV=1 - [DNPH1_HUMAN],3.56173253059387,9.77,2,1,1,1,174,19.09658794466,5.04638671875
276,P16284,Platelet endothelial cell adhesion molecule OS=Homo sapiens OX=9606 GN=PECAM1 PE=1 SV=2 - [PECA1_HUMAN],3.55892848968506,1.9,1,1,1,1,738,82.4698209546601,6.99072265625
277,C9JL85,Myotrophin OS=Homo sapiens OX=9606 GN=MTPN PE=1 SV=1 - [C9JL85_HUMAN],3.55032181739807,32.69,2,1,1,1,52,5.70081570466,4.77978515625
278,J3KSC4,Ras-related C3 botulinum toxin substrate 3 (Fragment) OS=Homo sapiens OX=9606 GN=RAC3 PE=1 SV=1 - [J3KSC4_HUMAN],3.51557636260986,10.77,7,2,2,2,130,14.82169169466,7.34228515625
279,P07360,Complement component C8 gamma chain OS=Homo sapiens OX=9606 GN=C8G PE=1 SV=3 - [CO8G_HUMAN],3.49972891807556,12.87,2,2,2,2,202,22.26354347466,8.30908203125
280,G3V4Y8,Atlastin-1 (Fragment) OS=Homo sapiens OX=9606 GN=ATL1 PE=1 SV=1 - [G3V4Y8_HUMAN],3.47793865203857,53.33,2,1,1,1,75,8.69225604466,4.42431640625
281,A0A494C0B4,UV excision repair protein RAD23 homolog A OS=Homo sapiens OX=9606 GN=RAD23A PE=4 SV=1 - [A0A494C0B4_HUMAN],3.45398306846619,9.57,2,1,1,1,282,30.46623420466,4.84326171875
282,P10599,Thioredoxin OS=Homo sapiens OX=9606 GN=TXN PE=1 SV=3 - [THIO_HUMAN],3.43422842025757,12.38,1,1,1,1,105,11.72974219466,4.91943359375
283,E9PQ63,Carbonyl reductase [NADPH] 1 OS=Homo sapiens OX=9606 GN=CBR1 PE=1 SV=1 - [E9PQ63_HUMAN],3.43059873580933,7.3,4,1,1,1,178,19.00973554466,6.30322265625
284,Q15485,Ficolin-2 OS=Homo sapiens OX=9606 GN=FCN2 PE=1 SV=2 - [FCN2_HUMAN],3.42519903182983,4.47,1,1,1,1,313,33.97952381466,6.77099609375
285,P01880,Immunoglobulin heavy constant delta OS=Homo sapiens OX=9606 GN=IGHD PE=1 SV=3 - [IGHD_HUMAN],3.40902519226074,3.39,2,1,1,1,384,42.3263215046601,8.11865234375
286,P51786,Zinc finger protein 157 OS=Homo sapiens OX=9606 GN=ZNF157 PE=2 SV=2 - [ZN157_HUMAN],3.36339592933655,5.53,1,1,1,1,506,58.25302701466,8.47021484375
287,G3XAM2,Complement factor I OS=Homo sapiens OX=9606 GN=CFI PE=1 SV=1 - [G3XAM2_HUMAN],3.36284971237183,2.26,4,1,1,1,576,65.01627702466,7.50341796875
288,Q1JUQ5,Peptidylprolyl isomerase OS=Homo sapiens OX=9606 GN=FKBP1A PE=1 SV=1 - [Q1JUQ5_HUMAN],3.33740973472595,15.22,3,1,1,1,92,10.11215348466,5.89697265625
289,A0A1B0GUW6,Uncharacterized protein SPEM3 OS=Homo sapiens OX=9606 GN=SPEM3 PE=3 SV=1 - [SPEM3_HUMAN],3.32068800926208,1.84,1,1,1,1,1196,128.56881700466,8.25048828125
290,P48426,Phosphatidylinositol 5-phosphate 4-kinase type-2 alpha OS=Homo sapiens OX=9606 GN=PIP4K2A PE=1 SV=2 - [PI42A_HUMAN],3.31901621818542,3.45,1,1,1,1,406,46.19548526466,6.99072265625
291,A0A0C4DH38,Immunoglobulin heavy variable 5-51 OS=Homo sapiens OX=9606 GN=IGHV5-51 PE=3 SV=1 - [HV551_HUMAN],3.30144143104553,13.68,1,1,1,1,117,12.66630051466,8.26513671875
292,H0Y8L3,Transforming growth factor-beta-induced protein ig-h3 (Fragment) OS=Homo sapiens OX=9606 GN=TGFBI PE=1 SV=1 - [H0Y8L3_HUMAN],3.19000625610352,4.1,2,1,1,1,366,39.87901386466,6.85888671875
293,F8WE04,Heat shock protein beta-1 OS=Homo sapiens OX=9606 GN=HSPB1 PE=1 SV=1 - [F8WE04_HUMAN],3.18891668319702,8.6,2,1,1,1,186,20.39351339466,9.05615234375
294,H0YM70,Proteasome activator complex subunit 2 OS=Homo sapiens OX=9606 GN=PSME2 PE=1 SV=1 - [H0YM70_HUMAN],3.1664924621582,9.65,3,1,1,1,228,25.99461277466,5.92236328125
295,P98077,SHC-transforming protein 2 OS=Homo sapiens OX=9606 GN=SHC2 PE=1 SV=4 - [SHC2_HUMAN],3.13308262825012,4.64,1,1,1,1,582,61.8770821246601,6.77099609375
296,A0A087WSY6,Immunoglobulin kappa variable 3D-15 OS=Homo sapiens OX=9606 GN=IGKV3D-15 PE=3 SV=6 - [KVD15_HUMAN],3.13009786605835,7.83,1,1,1,1,115,12.52629652466,5.18603515625
297,F8VWU4,Ras-related protein Rab-5C (Fragment) OS=Homo sapiens OX=9606 GN=RAB5C PE=1 SV=8 - [F8VWU4_HUMAN],3.12648034095764,12.09,10,1,1,1,91,9.90898013466,8.00146484375
298,D6RFG5,Annexin (Fragment) OS=Homo sapiens OX=9606 GN=ANXA3 PE=1 SV=1 - [D6RFG5_HUMAN],3.10179591178894,9.74,3,1,1,1,154,17.13479489466,7.48876953125
299,Q15084,Protein disulfide-isomerase A6 OS=Homo sapiens OX=9606 GN=PDIA6 PE=1 SV=1 - [PDIA6_HUMAN],3.08016705513,3.86,1,1,1,1,440,48.09126437466,5.08447265625
300,P48200,Iron-responsive element-binding protein 2 OS=Homo sapiens OX=9606 GN=IREB2 PE=1 SV=4 - [IREB2_HUMAN],3.07119417190552,1.77,1,1,1,1,963,104.99202154466,7.04931640625
301,Q68CJ6,Nuclear GTPase SLIP-GC OS=Homo sapiens OX=9606 GN=NUGGC PE=2 SV=3 - [SLIP_HUMAN],3.06830239295959,2.51,1,1,1,1,796,91.0745065946601,8.63134765625
302,K7EJD9,Tartrate-resistant acid phosphatase type 5 (Fragment) OS=Homo sapiens OX=9606 GN=ACP5 PE=1 SV=1 - [K7EJD9_HUMAN],3.06338691711426,18.55,1,1,1,1,124,13.70395540466,5.14794921875
303,H0Y9H2,Alpha-adducin (Fragment) OS=Homo sapiens OX=9606 GN=ADD1 PE=1 SV=1 - [H0Y9H2_HUMAN],3.06247448921204,2.7,4,1,1,1,444,48.4880255446601,5.02099609375
304,P02750,Leucine-rich alpha-2-glycoprotein OS=Homo sapiens OX=9606 GN=LRG1 PE=1 SV=2 - [A2GL_HUMAN],3.05888533592224,6.63,1,1,1,1,347,38.15411290466,6.94677734375
305,P22362,C-C motif chemokine 1 OS=Homo sapiens OX=9606 GN=CCL1 PE=1 SV=1 - [CCL1_HUMAN],3.02878737449646,25.0,1,1,1,1,96,10.98459199466,9.01220703125
306,A0A0M3HER1,LIM and senescent cell antigen-like-containing domain protein 1 (Fragment) OS=Homo sapiens OX=9606 GN=LIMS1 PE=1 SV=1 - [A0A0M3HER1_HUMAN],3.02694225311279,5.74,3,1,1,1,209,24.40036984466,8.99755859375
307,P50991,T-complex protein 1 subunit delta OS=Homo sapiens OX=9606 GN=CCT4 PE=1 SV=4 - [TCPD_HUMAN],3.01231455802917,4.82,1,2,2,2,539,57.88776398466,7.82568359375
308,F8WBG8,Drebrin-like protein OS=Homo sapiens OX=9606 GN=DBNL PE=1 SV=1 - [F8WBG8_HUMAN],3.00865960121155,15.63,3,1,1,1,128,13.65664862466,7.21044921875
309,A0A087X243,Glutathione S-transferase P (Fragment) OS=Homo sapiens OX=9606 GN=GSTP1 PE=1 SV=1 - [A0A087X243_HUMAN],2.98222708702087,28.99,2,1,1,1,69,7.44466385466,7.07861328125
310,B0YJC5,Vimentin OS=Homo sapiens OX=9606 GN=VIM PE=1 SV=1 - [B0YJC5_HUMAN],2.97399091720581,4.82,3,1,1,1,228,26.84227167466,4.72900390625
311,Q9NZD4,Alpha-hemoglobin-stabilizing protein OS=Homo sapiens OX=9606 GN=AHSP PE=1 SV=1 - [AHSP_HUMAN],2.97145676612854,20.59,2,2,2,2,102,11.83298091466,4.99560546875
312,H0YFM8,Adhesion G-protein-coupled receptor G6 (Fragment) OS=Homo sapiens OX=9606 GN=ADGRG6 PE=1 SV=1 - [H0YFM8_HUMAN],2.97055292129517,29.13,1,1,1,1,103,11.00643739466,4.58935546875
313,A0A0A0MRB1,Gamma-interferon-inducible protein 16 OS=Homo sapiens OX=9606 GN=IFI16 PE=1 SV=1 - [A0A0A0MRB1_HUMAN],2.9557831287384,8.64,2,1,1,1,243,27.30824073466,8.38232421875
314,A0A1W2PQK0,"Protein SCO2 homolog, mitochondrial (Fragment) OS=Homo sapiens OX=9606 GN=SCO2 PE=4 SV=1 - [A0A1W2PQK0_HUMAN]",2.95349311828613,26.79,4,1,1,1,56,5.78912470466,7.89892578125
315,H7C2Q3,26S proteasome non-ATPase regulatory subunit 2 (Fragment) OS=Homo sapiens OX=9606 GN=PSMD2 PE=1 SV=1 - [H7C2Q3_HUMAN],2.95248293876648,11.89,2,1,1,1,143,16.47946254466,9.62744140625
316,F8WCJ1,Eukaryotic translation initiation factor 5A OS=Homo sapiens OX=9606 GN=EIF5A2 PE=1 SV=1 - [F8WCJ1_HUMAN],2.94843626022339,11.43,8,1,1,1,105,11.67992149466,9.14404296875
317,P00167,Cytochrome b5 OS=Homo sapiens OX=9606 GN=CYB5A PE=1 SV=2 - [CYB5_HUMAN],2.93255424499512,15.67,1,1,1,1,134,15.32050733466,4.95751953125
318,Q6PCB7,Long-chain fatty acid transport protein 1 OS=Homo sapiens OX=9606 GN=SLC27A1 PE=1 SV=1 - [S27A1_HUMAN],2.90844130516052,3.25,1,1,1,1,646,71.0628630646601,8.52880859375
319,P18428,Lipopolysaccharide-binding protein OS=Homo sapiens OX=9606 GN=LBP PE=1 SV=3 - [LBP_HUMAN],2.89258861541748,3.95,1,1,1,1,481,53.3499155946601,6.69775390625
320,P28072,Proteasome subunit beta type-6 OS=Homo sapiens OX=9606 GN=PSMB6 PE=1 SV=4 - [PSB6_HUMAN],2.88913297653198,4.6,1,1,1,1,239,25.34144909466,4.91943359375
321,A0A075B6I0,Immunoglobulin lambda variable 8-61 OS=Homo sapiens OX=9606 GN=IGLV8-61 PE=3 SV=7 - [LV861_HUMAN],2.88200092315674,7.38,1,1,1,1,122,12.80612415466,4.55126953125
322,P02745,Complement C1q subcomponent subunit A OS=Homo sapiens OX=9606 GN=C1QA PE=1 SV=2 - [C1QA_HUMAN],2.87528252601624,18.78,2,2,2,2,245,26.00018880466,9.11474609375
323,M0R0U3,6-phosphogluconolactonase OS=Homo sapiens OX=9606 GN=PGLS PE=1 SV=1 - [M0R0U3_HUMAN],2.87476420402527,8.94,3,1,1,1,179,18.89984139466,7.84033203125
324,C9J1E1,Biliverdin reductase A (Fragment) OS=Homo sapiens OX=9606 GN=BLVRA PE=1 SV=1 - [C9J1E1_HUMAN],2.8577299118042,9.8,2,1,1,1,102,11.28571338466,5.79541015625
325,C9J299,Beta-adducin (Fragment) OS=Homo sapiens OX=9606 GN=ADD2 PE=1 SV=8 - [C9J299_HUMAN],2.84784626960754,8.45,5,1,1,1,142,16.26392339466,5.98583984375
326,F5H3C5,Superoxide dismutase (Fragment) OS=Homo sapiens OX=9606 GN=SOD2 PE=1 SV=1 - [F5H3C5_HUMAN],2.84434413909912,12.61,4,1,1,1,111,12.12314311466,8.45556640625
327,Q70Z35,"Phosphatidylinositol 3,4,5-trisphosphate-dependent Rac exchanger 2 protein OS=Homo sapiens OX=9606 GN=PREX2 PE=1 SV=1 - [PREX2_HUMAN]",2.83243441581726,1.06,1,1,1,1,1606,182.505077454661,7.44482421875
328,K7EMV3,Histone H3 OS=Homo sapiens OX=9606 GN=H3F3B PE=1 SV=1 - [K7EMV3_HUMAN],2.82298946380615,9.78,11,1,1,1,92,10.32782836466,11.82470703125
329,G5E9Z2,"Cisplatin resistance related protein CRR9p, isoform CRA_c OS=Homo sapiens OX=9606 GN=CLPTM1L PE=1 SV=1 - [G5E9Z2_HUMAN]",2.80554127693176,7.05,2,1,1,1,369,43.25220459466,8.79248046875
330,A0A0B4J2H0,Immunoglobulin heavy variable 1-69D OS=Homo sapiens OX=9606 GN=IGHV1-69D PE=1 SV=1 - [HV69D_HUMAN],2.79322338104248,9.4,5,1,1,1,117,12.65226019466,8.47021484375
331,Q96N46,Tetratricopeptide repeat protein 14 OS=Homo sapiens OX=9606 GN=TTC14 PE=1 SV=1 - [TTC14_HUMAN],2.79200983047485,2.34,1,1,1,1,770,88.2645225946602,8.63134765625
332,M0QY96,Heterogeneous nuclear ribonucleoprotein M (Fragment) OS=Homo sapiens OX=9606 GN=HNRNPM PE=1 SV=1 - [M0QY96_HUMAN],2.7894594669342,12.93,1,1,1,1,116,12.44487096466,9.01220703125
333,H7C402,Proteasome subunit alpha type-2 (Fragment) OS=Homo sapiens OX=9606 GN=PSMA2 PE=1 SV=1 - [H7C402_HUMAN],2.78154969215393,58.33,3,1,1,1,36,3.62986865466,4.46240234375
334,M0R2J8,Doublecortin domain-containing protein 1 OS=Homo sapiens OX=9606 GN=DCDC1 PE=1 SV=1 - [DCDC1_HUMAN],2.77865076065063,1.18,1,1,1,1,1783,200.464748564661,8.89501953125
335,F8W026,Endoplasmin (Fragment) OS=Homo sapiens OX=9606 GN=HSP90B1 PE=1 SV=8 - [F8W026_HUMAN],2.75928449630737,25.0,5,1,1,1,48,5.47791563466,4.89404296875
336,P26927,Hepatocyte growth factor-like protein OS=Homo sapiens OX=9606 GN=MST1 PE=1 SV=2 - [HGFL_HUMAN],2.74448132514954,1.41,2,1,1,1,711,80.26752903466,7.67919921875
337,K7ESE8,Bleomycin hydrolase (Fragment) OS=Homo sapiens OX=9606 GN=BLMH PE=1 SV=1 - [K7ESE8_HUMAN],2.71817374229431,4.76,4,1,1,1,231,26.72111099466,6.78564453125
338,Q8TAE6,Protein phosphatase 1 regulatory subunit 14C OS=Homo sapiens OX=9606 GN=PPP1R14C PE=1 SV=3 - [PP14C_HUMAN],2.70671606063843,10.3,1,1,1,1,165,17.83189020466,5.16064453125
339,P02748,Complement component C9 OS=Homo sapiens OX=9606 GN=C9 PE=1 SV=2 - [CO9_HUMAN],2.70525121688843,1.61,1,1,1,1,559,63.13270182466,5.59228515625
340,D6RD63,COP9 signalosome complex subunit 4 (Fragment) OS=Homo sapiens OX=9606 GN=COPS4 PE=1 SV=1 - [D6RD63_HUMAN],2.69962501525879,3.64,4,1,1,1,275,31.41305857466,6.53662109375
341,Q5T0R7,Adenylyl cyclase-associated protein 1 (Fragment) OS=Homo sapiens OX=9606 GN=CAP1 PE=1 SV=1 - [Q5T0R7_HUMAN],2.69923257827759,7.47,9,1,1,1,174,19.18980675466,7.04931640625
342,J3KPG2,Translationally-controlled tumor protein OS=Homo sapiens OX=9606 GN=TPT1 PE=1 SV=1 - [J3KPG2_HUMAN],2.69906783103943,13.13,5,1,1,1,160,18.09685249466,4.95751953125
343,A0A087WTB8,Ubiquitin carboxyl-terminal hydrolase OS=Homo sapiens OX=9606 GN=UCHL3 PE=1 SV=1 - [A0A087WTB8_HUMAN],2.6655421257019,10.31,2,1,1,1,194,21.93086943466,4.93212890625
344,P06312,Immunoglobulin kappa variable 4-1 OS=Homo sapiens OX=9606 GN=IGKV4-1 PE=1 SV=1 - [KV401_HUMAN],2.65108180046082,7.44,1,1,1,1,121,13.37159317466,5.24951171875
345,Q5TEZ5,Uncharacterized protein C6orf163 OS=Homo sapiens OX=9606 GN=C6orf163 PE=4 SV=2 - [CF163_HUMAN],2.6486918926239,3.65,1,1,1,1,329,38.52877418466,6.96142578125
346,Q495Z4,Putative uncharacterized protein ASB16-AS1 OS=Homo sapiens OX=9606 GN=ASB16-AS1 PE=5 SV=2 - [ASAS1_HUMAN],2.64836978912354,6.74,1,1,1,1,193,20.08636782466,11.92724609375
347,Q5VT82,Protocadherin-9 OS=Homo sapiens OX=9606 GN=PCDH9 PE=1 SV=1 - [Q5VT82_HUMAN],2.63312673568726,2.03,3,1,1,1,1032,113.64113138466,5.41455078125
348,Q13017,Rho GTPase-activating protein 5 OS=Homo sapiens OX=9606 GN=ARHGAP5 PE=1 SV=2 - [RHG05_HUMAN],2.60492134094238,1.66,1,1,1,1,1502,172.35160909466,6.62451171875
349,M0R389,Platelet-activating factor acetylhydrolase IB subunit gamma (Fragment) OS=Homo sapiens OX=9606 GN=PAFAH1B3 PE=1 SV=8 - [M0R389_HUMAN],2.5962986946106,5.49,2,1,1,1,164,18.34453879466,7.02001953125
350,H7BYF1,ATPase family AAA domain-containing protein 2B (Fragment) OS=Homo sapiens OX=9606 GN=ATAD2B PE=1 SV=1 - [H7BYF1_HUMAN],2.57416319847107,1.5,2,1,1,1,734,83.9390955446601,5.52880859375
351,P04899,Guanine nucleotide-binding protein G(i) subunit alpha-2 OS=Homo sapiens OX=9606 GN=GNAI2 PE=1 SV=3 - [GNAI2_HUMAN],2.56750082969666,4.23,1,1,1,1,355,40.42505614466,5.54150390625
352,Q9UMX6,Guanylyl cyclase-activating protein 2 OS=Homo sapiens OX=9606 GN=GUCA1B PE=1 SV=4 - [GUC1B_HUMAN],2.5539653301239,9.0,1,1,1,1,200,23.40452576466,4.83056640625
353,P17858,"ATP-dependent 6-phosphofructokinase, liver type OS=Homo sapiens OX=9606 GN=PFKL PE=1 SV=6 - [PFKAL_HUMAN]",2.5537440776825,2.31,1,1,1,1,780,84.9641638446602,7.50341796875
354,P11169,"Solute carrier family 2, facilitated glucose transporter member 3 OS=Homo sapiens OX=9606 GN=SLC2A3 PE=1 SV=1 - [GTR3_HUMAN]",2.5503249168396,1.81,2,1,1,1,496,53.8892562846601,7.19580078125
355,H3BPU4,Gamma-tubulin complex component (Fragment) OS=Homo sapiens OX=9606 GN=TUBGCP4 PE=1 SV=1 - [H3BPU4_HUMAN],2.5432767868042,5.29,2,1,1,1,397,44.98733149466,5.83349609375
356,Q14191,Werner syndrome ATP-dependent helicase OS=Homo sapiens OX=9606 GN=WRN PE=1 SV=2 - [WRN_HUMAN],2.51401257514954,1.4,1,1,1,1,1432,162.356957854661,6.34130859375
357,P00740,Coagulation factor IX OS=Homo sapiens OX=9606 GN=F9 PE=1 SV=2 - [FA9_HUMAN],2.50738930702209,6.07,1,2,2,2,461,51.74499894466,5.46533203125
358,P05109,Protein S100-A8 OS=Homo sapiens OX=9606 GN=S100A8 PE=1 SV=1 - [S10A8_HUMAN],2.50522804260254,19.35,1,2,2,3,93,10.82764968466,7.03466796875
359,H0YL11,"Isocitrate dehydrogenase [NADP], mitochondrial OS=Homo sapiens OX=9606 GN=IDH2 PE=1 SV=1 - [H0YL11_HUMAN]",2.49187707901001,4.17,2,1,1,1,312,35.30772817466,8.83642578125
360,H0YNB1,Probable E3 ubiquitin-protein ligase HERC1 (Fragment) OS=Homo sapiens OX=9606 GN=HERC1 PE=1 SV=1 - [H0YNB1_HUMAN],2.46979236602783,3.04,2,1,1,1,691,75.9299249346602,5.41455078125
361,M0R213,Alpha-soluble NSF attachment protein (Fragment) OS=Homo sapiens OX=9606 GN=NAPA PE=1 SV=1 - [M0R213_HUMAN],2.46484684944153,12.05,3,1,1,1,83,9.85091380466,5.05908203125
362,E9PP60,GDP-L-fucose synthase OS=Homo sapiens OX=9606 GN=TSTA3 PE=1 SV=1 - [E9PP60_HUMAN],2.46458220481873,10.43,6,1,1,1,115,12.09701895466,7.82568359375
363,F8VW56,Receptor tyrosine-protein kinase erbB-3 OS=Homo sapiens OX=9606 GN=ERBB3 PE=1 SV=1 - [F8VW56_HUMAN],2.45731139183044,2.57,4,1,1,1,583,64.2605374546602,5.43994140625
364,Q9UIA0,Cytohesin-4 OS=Homo sapiens OX=9606 GN=CYTH4 PE=1 SV=1 - [CYH4_HUMAN],2.45302557945251,3.55,1,1,1,1,394,45.64301172466,6.46826171875
365,V9GYJ7,Rab GDP dissociation inhibitor (Fragment) OS=Homo sapiens OX=9606 GN=GDI2 PE=1 SV=8 - [V9GYJ7_HUMAN],2.44164800643921,7.2,7,1,1,1,125,14.12733424466,9.61279296875
366,Q96KM6,Zinc finger protein 512B OS=Homo sapiens OX=9606 GN=ZNF512B PE=1 SV=1 - [Z512B_HUMAN],2.42810797691345,2.91,1,1,1,1,892,97.2024357646602,9.83251953125
367,C9JXI5,Transmembrane protein 198 (Fragment) OS=Homo sapiens OX=9606 GN=TMEM198 PE=4 SV=1 - [C9JXI5_HUMAN],2.41815423965454,3.96,2,1,1,1,227,24.31319536466,8.17724609375
368,F5H345,Porphobilinogen deaminase OS=Homo sapiens OX=9606 GN=HMBS PE=1 SV=1 - [F5H345_HUMAN],2.40371656417847,5.76,4,1,1,1,330,35.73882281466,6.96142578125
369,H0Y4K4,Hermansky-Pudlak syndrome 1 protein (Fragment) OS=Homo sapiens OX=9606 GN=HPS1 PE=1 SV=1 - [H0Y4K4_HUMAN],2.40271925926208,8.18,2,1,1,1,159,17.88587722466,4.80517578125
370,D6R939,Ras GTPase-activating-like protein IQGAP2 (Fragment) OS=Homo sapiens OX=9606 GN=IQGAP2 PE=1 SV=8 - [D6R939_HUMAN],2.39935612678528,2.18,4,1,1,1,824,94.6596368646601,5.28759765625
371,Q9Y574,Ankyrin repeat and SOCS box protein 4 OS=Homo sapiens OX=9606 GN=ASB4 PE=2 SV=1 - [ASB4_HUMAN],2.38431334495544,3.05,1,1,1,1,426,48.16331213466,7.63525390625
372,Q9NRK6,"ATP-binding cassette sub-family B member 10, mitochondrial OS=Homo sapiens OX=9606 GN=ABCB10 PE=1 SV=2 - [ABCBA_HUMAN]",2.37674999237061,4.2,1,2,2,2,738,79.0979434746601,9.84716796875
373,F8WCI3,CDK5 regulatory subunit-associated protein 2 OS=Homo sapiens OX=9606 GN=CDK5RAP2 PE=1 SV=1 - [F8WCI3_HUMAN],2.36874198913574,1.34,4,1,1,1,749,86.45945986466,5.64306640625
374,G3V448,Thioredoxin-related transmembrane protein 1 OS=Homo sapiens OX=9606 GN=TMX1 PE=1 SV=1 - [G3V448_HUMAN],2.3544499874115,11.43,2,1,1,1,105,11.90396210466,4.41162109375
375,Q3KP31,Zinc finger protein 791 OS=Homo sapiens OX=9606 GN=ZNF791 PE=2 SV=1 - [ZN791_HUMAN],2.35122108459473,4.51,1,1,1,2,576,66.82763958466,9.21728515625
376,G3V4S5,Proteasome subunit alpha type-6 OS=Homo sapiens OX=9606 GN=PSMA6 PE=1 SV=1 - [G3V4S5_HUMAN],2.34641098976135,24.39,7,1,1,1,41,4.56323553466,6.50732421875
377,P60953,Cell division control protein 42 homolog OS=Homo sapiens OX=9606 GN=CDC42 PE=1 SV=2 - [CDC42_HUMAN],2.34515070915222,8.9,1,1,1,1,191,21.24501818466,6.55126953125
378,K7ELI4,Coiled-coil domain-containing protein 130 (Fragment) OS=Homo sapiens OX=9606 GN=CCDC130 PE=1 SV=1 - [K7ELI4_HUMAN],2.34505820274353,5.06,2,1,1,1,237,27.34686662466,8.92431640625
379,Q15244,Phosphoribosylpyrophosphate synthetase isoform I (Fragment) OS=Homo sapiens OX=9606 GN=PRPS1 PE=4 SV=1 - [Q15244_HUMAN],2.34092164039612,32.5,7,1,1,1,40,4.44335862466,9.42236328125
380,K7ES41,Ras-related protein Rab-27B (Fragment) OS=Homo sapiens OX=9606 GN=RAB27B PE=1 SV=1 - [K7ES41_HUMAN],2.34091758728027,14.94,2,1,1,1,87,9.81001659466,9.30517578125
381,C9J539,Beta-galactosidase (Fragment) OS=Homo sapiens OX=9606 GN=GLB1 PE=1 SV=1 - [C9J539_HUMAN],2.33826279640198,14.91,3,1,1,1,114,12.79554142466,6.29052734375
382,O14818,Proteasome subunit alpha type-7 OS=Homo sapiens OX=9606 GN=PSMA7 PE=1 SV=1 - [PSA7_HUMAN],2.32211327552795,3.63,1,1,1,1,248,27.86961595466,8.45556640625
383,P20073,Annexin A7 OS=Homo sapiens OX=9606 GN=ANXA7 PE=1 SV=3 - [ANXA7_HUMAN],2.31962704658508,3.48,1,1,1,1,488,52.70575329466,5.68115234375
384,P01624,Immunoglobulin kappa variable 3-15 OS=Homo sapiens OX=9606 GN=IGKV3-15 PE=1 SV=2 - [KV315_HUMAN],2.31635284423828,7.83,4,1,1,1,115,12.48820809466,5.18603515625
385,Q5T2B5,Cullin-2 OS=Homo sapiens OX=9606 GN=CUL2 PE=1 SV=1 - [Q5T2B5_HUMAN],2.30741810798645,3.26,3,1,1,1,706,82.3053185046601,6.72705078125
386,P00748,Coagulation factor XII OS=Homo sapiens OX=9606 GN=F12 PE=1 SV=3 - [FA12_HUMAN],2.30290865898132,1.46,1,1,1,1,615,67.7478974446601,7.73779296875
387,P01034,Cystatin-C OS=Homo sapiens OX=9606 GN=CST3 PE=1 SV=1 - [CYTC_HUMAN],2.29936814308167,10.96,1,1,1,1,146,15.78908164466,8.74853515625
388,Q6Q0C1,Solute carrier family 25 member 47 OS=Homo sapiens OX=9606 GN=SLC25A47 PE=2 SV=1 - [S2547_HUMAN],2.29198884963989,6.82,1,1,1,1,308,33.41327504466,9.15869140625
389,Q8IVF2,Protein AHNAK2 OS=Homo sapiens OX=9606 GN=AHNAK2 PE=1 SV=2 - [AHNK2_HUMAN],2.28281569480896,0.19,1,1,1,1,5795,616.24238947466,5.36376953125
390,C9JJ34,Ran-specific GTPase-activating protein (Fragment) OS=Homo sapiens OX=9606 GN=RANBP1 PE=1 SV=1 - [C9JJ34_HUMAN],2.28183197975159,6.75,4,1,1,1,163,18.75021910466,5.21142578125
391,P35542,Serum amyloid A-4 protein OS=Homo sapiens OX=9606 GN=SAA4 PE=1 SV=2 - [SAA4_HUMAN],2.27177858352661,8.46,2,1,1,1,130,14.73726914466,9.07080078125
392,P03952,Plasma kallikrein OS=Homo sapiens OX=9606 GN=KLKB1 PE=1 SV=1 - [KLKB1_HUMAN],2.26588010787964,3.76,3,2,2,2,638,71.32284585466,8.22119140625
393,O43866,CD5 antigen-like OS=Homo sapiens OX=9606 GN=CD5L PE=1 SV=1 - [CD5L_HUMAN],2.26330780982971,6.34,1,1,1,1,347,38.06294547466,5.46533203125
394,A0A096LNY4,Adenylosuccinate lyase OS=Homo sapiens OX=9606 GN=ADSL PE=1 SV=1 - [A0A096LNY4_HUMAN],2.25629806518555,5.49,6,1,1,1,164,18.34791791466,5.69384765625
395,A0A140T9W4,Flotillin-1 (Fragment) OS=Homo sapiens OX=9606 GN=FLOT1 PE=1 SV=1 - [A0A140T9W4_HUMAN],2.25314569473267,8.06,3,1,1,1,186,20.47884106466,5.78271484375
396,A0A0A0MS15,Immunoglobulin heavy variable 3-49 OS=Homo sapiens OX=9606 GN=IGHV3-49 PE=3 SV=1 - [HV349_HUMAN],2.2185161113739,7.56,1,1,1,1,119,13.04753210466,8.61669921875
397,Q12778,Forkhead box protein O1 OS=Homo sapiens OX=9606 GN=FOXO1 PE=1 SV=2 - [FOXO1_HUMAN],2.21140241622925,3.36,1,1,1,1,655,69.6173857546602,6.77099609375
398,H3BUA5,Uncharacterized protein (Fragment) OS=Homo sapiens OX=9606 PE=4 SV=2 - [H3BUA5_HUMAN],2.20515918731689,6.43,4,1,1,1,140,15.54169434466,8.76318359375
399,Q9C0F0,Putative Polycomb group protein ASXL3 OS=Homo sapiens OX=9606 GN=ASXL3 PE=2 SV=3 - [ASXL3_HUMAN],2.20396566390991,0.53,1,1,1,1,2248,241.767466054662,6.13818359375
400,Q9Y5G1,Protocadherin gamma-B3 OS=Homo sapiens OX=9606 GN=PCDHGB3 PE=1 SV=4 - [PCDGF_HUMAN],2.20093965530396,2.58,1,1,1,1,929,101.14188334466,5.00830078125
401,Q86XI8,Uncharacterized protein ZSWIM9 OS=Homo sapiens OX=9606 GN=ZSWIM9 PE=1 SV=2 - [ZSWM9_HUMAN],2.19465637207031,1.59,1,1,1,1,627,70.02896485466,8.57275390625
402,Q5T1M5,FK506-binding protein 15 OS=Homo sapiens OX=9606 GN=FKBP15 PE=1 SV=2 - [FKB15_HUMAN],2.1942994594574,0.66,2,1,1,1,1219,133.54689227466,5.19873046875
403,A0A075B6I9,Immunoglobulin lambda variable 7-46 OS=Homo sapiens OX=9606 GN=IGLV7-46 PE=3 SV=4 - [LV746_HUMAN],2.19352722167969,7.69,2,1,1,1,117,12.46009026466,7.19580078125
404,A0A0A0MT10,Bridging integrator 2 (Fragment) OS=Homo sapiens OX=9606 GN=BIN2 PE=1 SV=1 - [A0A0A0MT10_HUMAN],2.17591786384583,3.09,3,1,1,1,551,59.8188228646602,5.51611328125
405,C9JA17,V-type proton ATPase catalytic subunit A (Fragment) OS=Homo sapiens OX=9606 GN=ATP6V1A PE=1 SV=8 - [C9JA17_HUMAN],2.17437148094177,6.52,3,1,1,1,184,20.12744979466,5.90966796875
406,E5RJ97,Zinc finger transcription factor Trps1 OS=Homo sapiens OX=9606 GN=TRPS1 PE=1 SV=1 - [E5RJ97_HUMAN],2.17033243179321,2.22,2,1,1,1,902,99.1070934546601,6.59521484375
407,H3BPK3,"Hydroxyacylglutathione hydrolase, mitochondrial (Fragment) OS=Homo sapiens OX=9606 GN=HAGH PE=1 SV=1 - [H3BPK3_HUMAN]",2.16970157623291,3.35,3,1,1,1,239,26.39840099466,8.23583984375
408,Q9H4K1,RIB43A-like with coiled-coils protein 2 OS=Homo sapiens OX=9606 GN=RIBC2 PE=1 SV=1 - [RIBC2_HUMAN],2.14567732810974,6.15,2,1,1,1,309,37.03689712466,9.53955078125
409,O00151,PDZ and LIM domain protein 1 OS=Homo sapiens OX=9606 GN=PDLIM1 PE=1 SV=4 - [PDLI1_HUMAN],2.12828540802002,3.04,1,1,1,1,329,36.04904399466,7.02001953125
410,J3QRN2,Beta-2-glycoprotein 1 (Fragment) OS=Homo sapiens OX=9606 GN=APOH PE=1 SV=1 - [J3QRN2_HUMAN],2.11800718307495,8.29,3,1,1,1,181,19.89384677466,7.75244140625
411,P08311,Cathepsin G OS=Homo sapiens OX=9606 GN=CTSG PE=1 SV=2 - [CATG_HUMAN],2.10253310203552,3.53,1,1,1,1,255,28.81907096466,11.19482421875
412,D6R9I9,ATP-binding cassette sub-family E member 1 OS=Homo sapiens OX=9606 GN=ABCE1 PE=1 SV=1 - [D6R9I9_HUMAN],2.1025083065033,2.85,2,1,1,1,421,47.0063871746601,8.30908203125
413,P00390,"Glutathione reductase, mitochondrial OS=Homo sapiens OX=9606 GN=GSR PE=1 SV=2 - [GSHR_HUMAN]",2.08767604827881,3.64,1,1,1,1,522,56.2209535246601,8.49951171875
414,O75636,Ficolin-3 OS=Homo sapiens OX=9606 GN=FCN3 PE=1 SV=2 - [FCN3_HUMAN],2.08186650276184,4.68,1,1,1,1,299,32.88199109466,6.66845703125
415,O60701,UDP-glucose 6-dehydrogenase OS=Homo sapiens OX=9606 GN=UGDH PE=1 SV=1 - [UGDH_HUMAN],2.07287645339966,2.43,1,1,1,1,494,54.98925034466,7.12255859375
416,Q8IZX4,Transcription initiation factor TFIID subunit 1-like OS=Homo sapiens OX=9606 GN=TAF1L PE=1 SV=1 - [TAF1L_HUMAN],2.06794190406799,1.31,1,1,1,1,1826,207.171173324661,5.40185546875
417,A0A0A0MRZ8,Immunoglobulin kappa variable 3D-11 OS=Homo sapiens OX=9606 GN=IGKV3D-11 PE=3 SV=6 - [KVD11_HUMAN],2.06681632995605,7.83,2,1,1,1,115,12.61733132466,5.28759765625
418,F5H7X1,26S proteasome non-ATPase regulatory subunit 9 OS=Homo sapiens OX=9606 GN=PSMD9 PE=1 SV=1 - [F5H7X1_HUMAN],2.05461812019348,10.59,6,1,1,1,85,9.42455261466,4.70361328125
419,P51884,Lumican OS=Homo sapiens OX=9606 GN=LUM PE=1 SV=2 - [LUM_HUMAN],2.05347537994385,5.33,1,1,1,2,338,38.40479613466,6.60986328125
420,A0A087WUL2,Proteasome subunit beta type-3 (Fragment) OS=Homo sapiens OX=9606 GN=PSMB3 PE=1 SV=1 - [A0A087WUL2_HUMAN],2.0444130897522,11.03,2,1,1,1,145,16.15013954466,8.42626953125
421,A0A3B3ITU4,Complement C1r subcomponent (Fragment) OS=Homo sapiens OX=9606 GN=C1R PE=1 SV=1 - [A0A3B3ITU4_HUMAN],2.03857803344727,5.13,5,1,1,1,351,39.75360614466,6.66845703125
422,H0YLU2,Proteasome activator complex subunit 1 (Fragment) OS=Homo sapiens OX=9606 GN=PSME1 PE=1 SV=1 - [H0YLU2_HUMAN],2.03346824645996,6.14,2,1,1,1,114,12.87473676466,6.31591796875
423,P28066,Proteasome subunit alpha type-5 OS=Homo sapiens OX=9606 GN=PSMA5 PE=1 SV=3 - [PSA5_HUMAN],2.02870011329651,3.32,1,1,1,1,241,26.39420625466,4.79248046875
424,Q5T4L2,Cyclic AMP-responsive element-binding protein 3-like protein 4 (Fragment) OS=Homo sapiens OX=9606 GN=CREB3L4 PE=1 SV=1 - [Q5T4L2_HUMAN],2.02019810676575,10.44,4,1,1,1,182,19.49831592466,4.19580078125
425,Q13469,"Nuclear factor of activated T-cells, cytoplasmic 2 OS=Homo sapiens OX=9606 GN=NFATC2 PE=1 SV=2 - [NFAC2_HUMAN]",2.01740169525146,0.76,1,1,1,1,925,100.08318969466,7.28369140625
426,H3BLU1,Taperin (Fragment) OS=Homo sapiens OX=9606 GN=TPRN PE=1 SV=1 - [H3BLU1_HUMAN],2.01182746887207,4.84,1,1,1,1,537,57.7327538246601,5.33837890625
427,F8VR77,Proliferation-associated protein 2G4 OS=Homo sapiens OX=9606 GN=PA2G4 PE=1 SV=1 - [F8VR77_HUMAN],2.00082039833069,8.8,4,2,2,2,284,31.44694922466,6.80029296875
428,F5GZ03,T-complex protein 1 subunit alpha (Fragment) OS=Homo sapiens OX=9606 GN=TCP1 PE=1 SV=1 - [F5GZ03_HUMAN],1.98983919620514,3.62,5,1,1,1,221,24.14268414466,7.04931640625
429,A0A2R8Y484,Leukocyte surface antigen CD47 (Fragment) OS=Homo sapiens OX=9606 GN=CD47 PE=1 SV=1 - [A0A2R8Y484_HUMAN],1.98916709423065,4.92,2,1,1,1,183,20.30082682466,6.56591796875
430,H0YF91,Hydrocephalus-inducing protein homolog (Fragment) OS=Homo sapiens OX=9606 GN=HYDIN PE=1 SV=1 - [H0YF91_HUMAN],1.98434710502625,4.41,4,1,1,1,204,23.55811116466,8.14794921875
431,P42685,Tyrosine-protein kinase FRK OS=Homo sapiens OX=9606 GN=FRK PE=1 SV=1 - [FRK_HUMAN],1.98412823677063,3.76,7,1,2,2,505,58.21726355466,6.66845703125
432,Q86UP8,General transcription factor II-I repeat domain-containing protein 2A OS=Homo sapiens OX=9606 GN=GTF2IRD2 PE=1 SV=3 - [GTD2A_HUMAN],1.97205877304077,1.05,2,1,1,1,949,107.09893305466,5.68115234375
433,A0A0B4J1U7,Immunoglobulin heavy variable 6-1 OS=Homo sapiens OX=9606 GN=IGHV6-1 PE=3 SV=1 - [HV601_HUMAN],1.96946382522583,5.79,1,1,1,1,121,13.47283923466,9.20263671875
434,A0A0B4J1V0,Immunoglobulin heavy variable 3-15 OS=Homo sapiens OX=9606 GN=IGHV3-15 PE=3 SV=1 - [HV315_HUMAN],1.93189144134521,5.88,3,1,1,1,119,12.91747902466,8.61669921875
435,P01709,Immunoglobulin lambda variable 2-8 OS=Homo sapiens OX=9606 GN=IGLV2-8 PE=1 SV=2 - [LV208_HUMAN],1.92541718482971,6.78,1,1,1,1,118,12.37389517466,5.90966796875
436,E9PD92,Glucose-6-phosphate 1-dehydrogenase (Fragment) OS=Homo sapiens OX=9606 GN=G6PD PE=1 SV=1 - [E9PD92_HUMAN],1.87122702598572,3.13,4,1,1,1,256,29.48396645466,7.16650390625
437,A0A0J9YXX1,Immunoglobulin heavy variable 5-10-1 OS=Homo sapiens OX=9606 GN=IGHV5-10-1 PE=3 SV=1 - [HV5X1_HUMAN],1.86446785926819,5.98,1,1,1,1,117,12.76428697466,8.27978515625
438,A0A3B3IS58,"Keratin, type I cytoskeletal 17 (Fragment) OS=Homo sapiens OX=9606 GN=KRT17 PE=1 SV=1 - [A0A3B3IS58_HUMAN]",1.8545138835907,9.18,12,1,1,1,98,11.28875417466,8.90966796875
439,S4R3T0,Uncharacterized protein OS=Homo sapiens OX=9606 PE=4 SV=1 - [S4R3T0_HUMAN],1.85283648967743,13.33,3,1,1,1,60,6.65532263466,4.64013671875
440,K7EKW9,Flotillin-2 (Fragment) OS=Homo sapiens OX=9606 GN=FLOT2 PE=1 SV=1 - [K7EKW9_HUMAN],1.84596991539001,4.02,4,1,1,1,249,27.95255375466,4.90673828125
441,Q9BVQ7,Spermatogenesis-associated protein 5-like protein 1 OS=Homo sapiens OX=9606 GN=SPATA5L1 PE=1 SV=2 - [SPA5L_HUMAN],1.83077490329742,1.59,1,1,1,1,753,80.65985052466,8.08935546875
442,P23229,Integrin alpha-6 OS=Homo sapiens OX=9606 GN=ITGA6 PE=1 SV=5 - [ITA6_HUMAN],1.80869674682617,0.71,1,1,1,1,1130,126.52618801466,6.60986328125
443,I3L4M2,Protein disulfide-isomerase (Fragment) OS=Homo sapiens OX=9606 GN=P4HB PE=1 SV=1 - [I3L4M2_HUMAN],1.8063040971756,13.68,7,2,2,2,117,13.48196927466,5.54150390625
444,R4GN98,Protein S100 (Fragment) OS=Homo sapiens OX=9606 GN=S100A6 PE=1 SV=1 - [R4GN98_HUMAN],1.75906693935394,8.24,2,1,1,1,85,9.67506278466,5.45263671875
445,Q5T7N2,LINE-1 type transposase domain-containing protein 1 OS=Homo sapiens OX=9606 GN=L1TD1 PE=1 SV=1 - [LITD1_HUMAN],1.75504553318024,1.04,1,1,1,1,865,98.7885898046602,4.93212890625
446,D6RC14,"39S ribosomal protein L3, mitochondrial (Fragment) OS=Homo sapiens OX=9606 GN=MRPL3 PE=1 SV=1 - [D6RC14_HUMAN]",1.74879932403564,5.81,4,1,1,1,155,17.08401256466,10.28662109375
447,Q8WUQ7,Cactin OS=Homo sapiens OX=9606 GN=CACTIN PE=1 SV=3 - [CATIN_HUMAN],1.74174380302429,0.92,1,1,1,3,758,88.64754515466,9.14404296875
448,J3KRV4,Dual-specificity mitogen-activated protein kinase kinase 3 (Fragment) OS=Homo sapiens OX=9606 GN=MAP2K3 PE=1 SV=1 - [J3KRV4_HUMAN],1.72435259819031,10.29,2,1,1,1,136,14.99522806466,6.49365234375
449,A0A1D5RMP5,Lebercilin-like protein (Fragment) OS=Homo sapiens OX=9606 GN=LCA5L PE=4 SV=1 - [A0A1D5RMP5_HUMAN],1.72417199611664,80.0,11,1,1,1,10,1.09254856466,6.23974609375
450,A0A075B7D3,Protein HEATR9 OS=Homo sapiens OX=9606 GN=HEATR9 PE=4 SV=1 - [A0A075B7D3_HUMAN],1.7104469537735,2.83,2,1,1,1,283,33.60500767466,9.24658203125
451,Q99592,Zinc finger and BTB domain-containing protein 18 OS=Homo sapiens OX=9606 GN=ZBTB18 PE=1 SV=1 - [ZBT18_HUMAN],1.70661461353302,2.3,1,1,1,1,522,58.31727320466,5.69384765625
452,H0YMZ1,Proteasome subunit alpha type (Fragment) OS=Homo sapiens OX=9606 GN=PSMA4 PE=1 SV=8 - [H0YMZ1_HUMAN],1.67017793655396,3.64,4,1,1,1,220,24.51042437466,6.77099609375
453,H0Y973,Bardet-Biedl syndrome 7 protein (Fragment) OS=Homo sapiens OX=9606 GN=BBS7 PE=1 SV=1 - [H0Y973_HUMAN],1.66605889797211,5.8,2,1,1,1,138,16.06963488466,6.53662109375
454,O60477,BMP/retinoic acid-inducible neural-specific protein 1 OS=Homo sapiens OX=9606 GN=BRINP1 PE=1 SV=2 - [BRNP1_HUMAN],1.6465460062027,1.58,1,1,1,1,761,88.70340919466,8.90966796875
455,Q05315,Galectin-10 OS=Homo sapiens OX=9606 GN=CLC PE=1 SV=3 - [LEG10_HUMAN],1.60184502601624,4.93,1,1,1,1,142,16.44221646466,7.37158203125
456,Q96NN9,Apoptosis-inducing factor 3 OS=Homo sapiens OX=9606 GN=AIFM3 PE=1 SV=1 - [AIFM3_HUMAN],0.0,4.3,1,1,1,1,605,66.7486638846602,9.07080078125
457,Q9BXX2,Ankyrin repeat domain-containing protein 30B OS=Homo sapiens OX=9606 GN=ANKRD30B PE=2 SV=3 - [AN30B_HUMAN],0.0,1.15,1,1,1,1,1392,157.94999915466,6.35400390625
458,Q93084,Sarcoplasmic/endoplasmic reticulum calcium ATPase 3 OS=Homo sapiens OX=9606 GN=ATP2A3 PE=1 SV=2 - [AT2A3_HUMAN],0.0,1.15,1,1,1,1,1043,113.90436444466,5.56689453125
459,P36894,Bone morphogenetic protein receptor type-1A OS=Homo sapiens OX=9606 GN=BMPR1A PE=1 SV=2 - [BMR1A_HUMAN],0.0,5.45,1,1,1,2,532,60.15811619466,7.57666015625
460,Q96EU7,C1GALT1-specific chaperone 1 OS=Homo sapiens OX=9606 GN=C1GALT1C1 PE=1 SV=1 - [C1GLC_HUMAN],0.0,4.4,1,1,1,1,318,36.35796503466,6.84423828125
461,Q9NY33,Dipeptidyl peptidase 3 OS=Homo sapiens OX=9606 GN=DPP3 PE=1 SV=2 - [DPP3_HUMAN],0.0,2.85,3,1,1,1,737,82.5378011146601,5.09716796875
462,Q9NY74,Ewing's tumor-associated antigen 1 OS=Homo sapiens OX=9606 GN=ETAA1 PE=1 SV=2 - [ETAA1_HUMAN],0.0,2.81,1,1,1,1,926,103.37608944466,7.62060546875
463,Q8TF61,F-box only protein 41 OS=Homo sapiens OX=9606 GN=FBXO41 PE=2 SV=5 - [FBX41_HUMAN],0.0,1.49,1,1,1,1,875,94.4373585846601,8.23583984375
464,Q3T8J9,GON-4-like protein OS=Homo sapiens OX=9606 GN=GON4L PE=1 SV=1 - [GON4L_HUMAN],0.0,0.89,1,1,1,1,2241,248.46537122466,5.00830078125
465,P42261,Glutamate receptor 1 OS=Homo sapiens OX=9606 GN=GRIA1 PE=1 SV=2 - [GRIA1_HUMAN],0.0,1.43,1,1,1,1,906,101.44125504466,7.70849609375
466,Q7Z2Y8,Interferon-induced very large GTPase 1 OS=Homo sapiens OX=9606 GN=GVINP1 PE=2 SV=2 - [GVIN1_HUMAN],0.0,0.54,1,1,1,1,2422,278.870530134661,6.55126953125
467,Q68CZ6,HAUS augmin-like complex subunit 3 OS=Homo sapiens OX=9606 GN=HAUS3 PE=1 SV=1 - [HAUS3_HUMAN],0.0,3.32,1,1,1,1,603,69.60681083466,5.55419921875
468,Q12794,Hyaluronidase-1 OS=Homo sapiens OX=9606 GN=HYAL1 PE=1 SV=2 - [HYAL1_HUMAN],0.0,7.13,1,1,1,1,435,48.33700540466,6.77099609375
469,Q8NFU5,Inositol polyphosphate multikinase OS=Homo sapiens OX=9606 GN=IPMK PE=1 SV=1 - [IPMK_HUMAN],0.0,1.68,1,1,1,1,416,47.19188042466,7.63525390625
470,Q96J02,E3 ubiquitin-protein ligase Itchy homolog OS=Homo sapiens OX=9606 GN=ITCH PE=1 SV=2 - [ITCH_HUMAN],0.0,2.1,1,1,1,1,903,102.73810170466,6.30322265625
471,Q92613,Protein Jade-3 OS=Homo sapiens OX=9606 GN=JADE3 PE=1 SV=1 - [JADE3_HUMAN],0.0,2.43,1,1,1,1,823,93.7480794146602,7.18115234375
472,Q5JYT7,Uncharacterized protein KIAA1755 OS=Homo sapiens OX=9606 GN=KIAA1755 PE=2 SV=2 - [K1755_HUMAN],0.0,1.33,1,1,1,1,1200,130.76455042466,6.36669921875
473,Q6UW63,Protein O-glucosyltransferase 2 OS=Homo sapiens OX=9606 GN=POGLUT2 PE=1 SV=1 - [PLGT2_HUMAN],0.0,3.78,1,1,1,1,502,58.00547939466,7.70849609375
474,O76014,"Keratin, type I cuticular Ha7 OS=Homo sapiens OX=9606 GN=KRT37 PE=3 SV=3 - [KRT37_HUMAN]",0.0,9.13,1,1,1,1,449,49.71517945466,4.95751953125
475,P43405,Tyrosine-protein kinase SYK OS=Homo sapiens OX=9606 GN=SYK PE=1 SV=1 - [KSYK_HUMAN],0.0,2.52,1,1,1,1,635,72.0202885146601,8.25048828125
476,Q9Y2H9,Microtubule-associated serine/threonine-protein kinase 1 OS=Homo sapiens OX=9606 GN=MAST1 PE=1 SV=2 - [MAST1_HUMAN],0.0,0.7,1,1,1,1,1570,170.571678314661,8.44091796875
477,Q96KG7,Multiple epidermal growth factor-like domains protein 10 OS=Homo sapiens OX=9606 GN=MEGF10 PE=1 SV=1 - [MEG10_HUMAN],0.0,1.23,1,1,1,1,1140,122.12118274466,6.87353515625
478,Q2M385,Macrophage-expressed gene 1 protein OS=Homo sapiens OX=9606 GN=MPEG1 PE=2 SV=1 - [MPEG1_HUMAN],0.0,4.75,1,1,1,1,716,78.5372853246601,7.64990234375
479,Q8WX92,Negative elongation factor B OS=Homo sapiens OX=9606 GN=NELFB PE=1 SV=1 - [NELFB_HUMAN],0.0,2.07,1,1,1,1,580,65.65541462466,6.12548828125
480,P0C628,Olfactory receptor 5AC1 OS=Homo sapiens OX=9606 GN=OR5AC1 PE=3 SV=1 - [O5AC1_HUMAN],0.0,8.79,1,1,1,1,307,34.73922100466,9.04150390625
481,P18669,Phosphoglycerate mutase 1 OS=Homo sapiens OX=9606 GN=PGAM1 PE=1 SV=2 - [PGAM1_HUMAN],0.0,7.09,1,1,1,1,254,28.78583650466,7.18115234375
482,Q6PCE3,"Glucose 1,6-bisphosphate synthase OS=Homo sapiens OX=9606 GN=PGM2L1 PE=1 SV=3 - [PGM2L_HUMAN]",0.0,2.09,1,1,1,1,622,70.3964816846601,7.15185546875
483,Q9UPN7,Serine/threonine-protein phosphatase 6 regulatory subunit 1 OS=Homo sapiens OX=9606 GN=PPP6R1 PE=1 SV=5 - [PP6R1_HUMAN],0.0,2.04,1,1,1,1,881,96.6637239146599,4.55126953125
484,P22891,Vitamin K-dependent protein Z OS=Homo sapiens OX=9606 GN=PROZ PE=1 SV=2 - [PROZ_HUMAN],0.0,4.5,1,2,2,2,400,44.7147102846601,5.97314453125
485,P49802,Regulator of G-protein signaling 7 OS=Homo sapiens OX=9606 GN=RGS7 PE=1 SV=3 - [RGS7_HUMAN],0.0,2.63,1,1,1,1,495,57.63204109466,8.20654296875
486,Q9NQ50,"39S ribosomal protein L40, mitochondrial OS=Homo sapiens OX=9606 GN=MRPL40 PE=1 SV=1 - [RM40_HUMAN]",0.0,9.22,1,1,1,1,206,24.47518976466,9.62744140625
487,A6NKG5,Retrotransposon-like protein 1 OS=Homo sapiens OX=9606 GN=RTL1 PE=3 SV=3 - [RTL1_HUMAN],0.0,1.03,1,1,1,1,1358,154.94967978466,5.21142578125
488,Q86UD0,Suppressor APC domain-containing protein 2 OS=Homo sapiens OX=9606 GN=SAPCD2 PE=1 SV=2 - [SAPC2_HUMAN],0.0,3.3,1,1,1,1,394,42.61011299466,8.82177734375
489,Q9H5L6,DNA transposase THAP9 OS=Homo sapiens OX=9606 GN=THAP9 PE=1 SV=2 - [THAP9_HUMAN],0.0,2.21,1,1,1,1,903,103.34471062466,9.12939453125
490,Q9UHN6,Cell surface hyaluronidase OS=Homo sapiens OX=9606 GN=CEMIP2 PE=1 SV=1 - [CEIP2_HUMAN],0.0,0.94,1,1,1,1,1383,154.276447444661,8.14794921875
491,Q969Q1,E3 ubiquitin-protein ligase TRIM63 OS=Homo sapiens OX=9606 GN=TRIM63 PE=1 SV=1 - [TRI63_HUMAN],0.0,4.25,1,1,1,1,353,40.22166282466,4.91943359375
492,P14679,Tyrosinase OS=Homo sapiens OX=9606 GN=TYR PE=1 SV=3 - [TYRO_HUMAN],0.0,3.21,1,1,1,1,529,60.3540344746601,6.11279296875
493,Q96C45,Serine/threonine-protein kinase ULK4 OS=Homo sapiens OX=9606 GN=ULK4 PE=1 SV=2 - [ULK4_HUMAN],0.0,1.33,1,1,1,1,1275,142.35151365466,6.29052734375
494,Q70J99,Protein unc-13 homolog D OS=Homo sapiens OX=9606 GN=UNC13D PE=1 SV=1 - [UN13D_HUMAN],0.0,2.57,1,2,2,2,1090,123.20466919466,6.65380859375
495,O94892,Zinc finger protein 432 OS=Homo sapiens OX=9606 GN=ZNF432 PE=1 SV=1 - [ZN432_HUMAN],0.0,2.45,1,1,1,1,652,74.7876618446601,8.74853515625
496,D6RC06,Histidine triad nucleotide-binding protein 1 OS=Homo sapiens OX=9606 GN=HINT1 PE=1 SV=1 - [D6RC06_HUMAN],0.0,10.77,5,1,1,1,65,7.31895362466,9.40771484375
497,A6NML8,"Diaphanous homolog 2 (Drosophila), isoform CRA_c OS=Homo sapiens OX=9606 GN=DIAPH2 PE=1 SV=3 - [A6NML8_HUMAN]",0.0,0.64,4,1,1,1,1096,124.77453712466,6.43017578125
498,A6PVK0,"HCG2019817, isoform CRA_b OS=Homo sapiens OX=9606 GN=RBCK1 PE=1 SV=1 - [A6PVK0_HUMAN]",0.0,10.88,1,1,1,1,340,37.40357663466,8.39697265625
499,Q5JX98,Leucine zipper protein 4 OS=Homo sapiens OX=9606 GN=LUZP4 PE=1 SV=1 - [Q5JX98_HUMAN],0.0,20.51,2,1,1,1,78,9.22781035466,10.06689453125
500,Q5SRP5,Apolipoprotein M OS=Homo sapiens OX=9606 GN=APOM PE=1 SV=1 - [Q5SRP5_HUMAN],0.0,4.65,2,1,1,1,129,14.17617596466,9.37841796875
501,G3V217,"Coiled-coil domain containing 63, isoform CRA_b OS=Homo sapiens OX=9606 GN=CCDC63 PE=1 SV=1 - [G3V217_HUMAN]",0.0,1.45,4,1,1,1,484,56.76383881466,8.36767578125
502,B8ZZZ5,PH and SEC7 domain-containing protein 4 (Fragment) OS=Homo sapiens OX=9606 GN=PSD4 PE=1 SV=1 - [B8ZZZ5_HUMAN],0.0,4.49,2,1,1,1,178,19.91380592466,9.58349609375
503,C9J6W0,Transmembrane protein 131 (Fragment) OS=Homo sapiens OX=9606 GN=TMEM131 PE=1 SV=1 - [C9J6W0_HUMAN],0.0,25.78,3,1,1,1,128,14.27026308466,7.73779296875
504,F8WEU8,RING-box protein 2 OS=Homo sapiens OX=9606 GN=RNF7 PE=1 SV=1 - [F8WEU8_HUMAN],0.0,33.82,2,1,1,1,68,7.43738926466,4.83056640625
505,I3L2R6,Thioredoxin domain-containing protein 17 OS=Homo sapiens OX=9606 GN=TXNDC17 PE=1 SV=1 - [I3L2R6_HUMAN],0.0,24.49,2,1,1,1,98,11.28457676466,5.21142578125
506,H7BZA0,Neurobeachin-like protein 1 (Fragment) OS=Homo sapiens OX=9606 GN=NBEAL1 PE=1 SV=1 - [H7BZA0_HUMAN],0.0,1.41,2,1,1,1,709,80.2338834246601,6.90283203125
507,I3L4A2,Leucine carboxyl methyltransferase 1 (Fragment) OS=Homo sapiens OX=9606 GN=LCMT1 PE=1 SV=1 - [I3L4A2_HUMAN],0.0,6.33,2,1,1,1,158,18.15012999466,5.60498046875
508,H0Y3V5,Thyroid adenoma-associated protein (Fragment) OS=Homo sapiens OX=9606 GN=THADA PE=1 SV=1 - [H0Y3V5_HUMAN],0.0,1.51,2,1,1,1,1193,133.87550553466,5.90966796875
509,D6RBW0,Centromere-associated protein E (Fragment) OS=Homo sapiens OX=9606 GN=CENPE PE=1 SV=1 - [D6RBW0_HUMAN],0.0,1.15,3,1,1,1,1126,130.37677693466,5.13525390625
510,A0A0G2JR65,Mucin-2 OS=Homo sapiens OX=9606 GN=MUC2 PE=1 SV=1 - [A0A0G2JR65_HUMAN],0.0,1.1,2,1,1,1,2817,303.184140424661,5.88427734375
511,G3V5X4,Nesprin-2 OS=Homo sapiens OX=9606 GN=SYNE2 PE=1 SV=1 - [G3V5X4_HUMAN],0.0,0.48,4,2,2,2,6818,787.228746624646,5.45263671875
512,H0YIX9,R3H domain-containing protein 2 (Fragment) OS=Homo sapiens OX=9606 GN=R3HDM2 PE=1 SV=1 - [H0YIX9_HUMAN],0.0,8.57,6,1,1,1,280,31.6617162746599,8.86572265625
513,F5GWV1,DnaJ homolog subfamily A member 4 OS=Homo sapiens OX=9606 GN=DNAJA4 PE=1 SV=1 - [F5GWV1_HUMAN],0.0,43.4,6,1,1,1,53,6.20420703466,8.93896484375
514,Q6PK65,PCSK7 protein OS=Homo sapiens OX=9606 GN=PCSK7 PE=1 SV=1 - [Q6PK65_HUMAN],0.0,1.86,2,1,1,1,591,64.3838810446601,6.36669921875
515,J3QQY7,Protein TANC2 (Fragment) OS=Homo sapiens OX=9606 GN=TANC2 PE=1 SV=1 - [J3QQY7_HUMAN],0.0,7.21,4,1,1,2,111,11.98695158466,5.45263671875
516,Q8TEK8,FLJ00186 protein (Fragment) OS=Homo sapiens OX=9606 GN=RASSF5 PE=1 SV=1 - [Q8TEK8_HUMAN],0.0,7.57,4,1,1,1,185,20.89226723466,9.11474609375
517,A0A0J9YYI8,Glucose-6-phosphate isomerase (Fragment) OS=Homo sapiens OX=9606 GN=GPI PE=1 SV=1 - [A0A0J9YYI8_HUMAN],0.0,5.45,18,1,1,1,110,12.73260902466,10.33056640625
518,K7EJR0,CXXC-type zinc finger protein 1 (Fragment) OS=Homo sapiens OX=9606 GN=CXXC1 PE=1 SV=1 - [K7EJR0_HUMAN],0.0,5.63,4,1,1,1,231,26.22235978466,8.17724609375
519,M0R2S2,Epidermal growth factor receptor substrate 15-like 1 OS=Homo sapiens OX=9606 GN=EPS15L1 PE=1 SV=1 - [M0R2S2_HUMAN],0.0,3.36,3,1,1,1,447,49.8262879046599,5.13525390625
520,H0YEA7,N-acetylglucosamine-1-phosphotransferase subunit gamma (Fragment) OS=Homo sapiens OX=9606 GN=GNPTG PE=1 SV=8 - [H0YEA7_HUMAN],0.0,14.13,1,1,1,1,184,20.24616925466,9.11474609375
521,F5H5T7,Probable C-mannosyltransferase DPY19L2 (Fragment) OS=Homo sapiens OX=9606 GN=DPY19L2 PE=1 SV=8 - [F5H5T7_HUMAN],0.0,20.16,1,1,1,1,124,14.40665031466,9.83251953125
522,A0A0A0MRL7,Caspase-7 OS=Homo sapiens OX=9606 GN=CASP7 PE=1 SV=1 - [A0A0A0MRL7_HUMAN],0.0,7.47,1,1,1,1,388,43.70031470466,9.30517578125
523,F6SS63,"TAK1-binding protein 3, isoform CRA_c OS=Homo sapiens OX=9606 GN=TAB3 PE=1 SV=2 - [F6SS63_HUMAN]",0.0,2.14,2,1,1,1,608,66.9882580346601,9.04150390625
524,A0A0C4DH43,Immunoglobulin heavy variable 2-70D OS=Homo sapiens OX=9606 GN=IGHV2-70D PE=3 SV=1 - [HV70D_HUMAN],0.0,5.88,2,1,1,1,119,13.30383188466,8.29443359375
525,A8MX12,Myomesin-1 OS=Homo sapiens OX=9606 GN=MYOM1 PE=1 SV=3 - [A8MX12_HUMAN],0.0,0.55,2,1,1,1,1452,162.18683469466,6.20166015625
526,A0A087WTS8,Heat shock 70 kDa protein 4 OS=Homo sapiens OX=9606 GN=HSPA4 PE=1 SV=1 - [A0A087WTS8_HUMAN],0.0,2.32,3,1,1,1,475,52.5659680046601,8.29443359375
527,A0A0C4DGE8,LON peptidase N-terminal domain and RING finger protein 1 OS=Homo sapiens OX=9606 GN=LONRF1 PE=1 SV=1 - [A0A0C4DGE8_HUMAN],0.0,8.41,2,1,1,1,416,47.93386560466,5.79541015625
528,A0A0J9YWU9,Uncharacterized protein (Fragment) OS=Homo sapiens OX=9606 PE=1 SV=1 - [A0A0J9YWU9_HUMAN],0.0,7.76,7,1,1,1,116,12.93457478466,9.05615234375
529,A0A087X1Z1,Gamma-tubulin complex component OS=Homo sapiens OX=9606 GN=TUBGCP5 PE=1 SV=1 - [A0A087X1Z1_HUMAN],0.0,1.46,2,1,1,1,1026,118.51590610466,6.01123046875
530,A0A1W2PPL5,Uncharacterized protein KIAA1614 (Fragment) OS=Homo sapiens OX=9606 GN=KIAA1614 PE=1 SV=1 - [A0A1W2PPL5_HUMAN],0.0,7.04,2,1,1,1,199,21.02802759466,10.19873046875
531,A0A2R8YFK8,Girdin OS=Homo sapiens OX=9606 GN=CCDC88A PE=1 SV=1 - [A0A2R8YFK8_HUMAN],0.0,21.8,1,1,1,2,133,15.29008529466,9.65673828125
532,A0A3B3ISF3,Spexin OS=Homo sapiens OX=9606 GN=SPX PE=1 SV=1 - [A0A3B3ISF3_HUMAN],0.0,13.33,2,1,1,1,75,8.73656313466,6.74169921875
